id,edges,name,type,clusteringCoefficient,betweennessCentrality,distanceToFurthestNode,degree
m2404435,"{p7459789, 9329, p0496932, 827, p471009, p7440224, p3756260, p7718809, p7633615, p0961185, 68, p4230755, p5535622, p0709555, 115188, p318186, 06, 792, p8229619, p8229964, p7431474, p115720, 6064, 3, p7634925, p7508045, 4217, 42904, 34117, 104, 5406, p50900, p5102780, .., 32, p5330533, p0000352, 6504, p7245921, p6591687, p1546201, p504128, p6140184, p7398241, p0927794, p069267, p7251647, p2667240, 63, p7847679, 056, p010870, p6301084, 6289, 2206, p7797494, 853566, p0695435, p1011531, p8337726, p8337727, p8337724, 0775, p7513053, p2002316, p7460288, p1752714, p6021414, p0000160, p0000243, p5456827, p2093766, 6489, p7562589, p1413353, p003932, 188, p3290223, p7239708, 1999, p2899381, p5236560, p0544391, 8589, 0885, p0919671, p6915195, p7536044, 6690, p4512440, p7144573}",The Magnificent Seven,movie,0.666666666667,3.33000333e-05,4.0,3.0
p1556504,"{, 20, m2245283, m0439356, 0252019, 8737, 4864, m1579910,  m2072979,  m0200276, 062, m1219024, 770, m03648, m028025, m1602543, m3952746,  m0157, 758, 304, m0255734, m1103987, m0460631,  3, m1663676, 6676, m0165581, m091541, 103, 53}","Beheshti, Emil",actor,0.6,0.0028541288958,4.0,6.0
p6140184,"{7, m3315386, m17187, 069, 25041, m3564472, 747, m4522400, m4947608, 1, 3, 2, 403,  4, 6, 9,  336, 05757}","Gaspard, Juan",actor,0.832095945174,0.00614443642561,4.0,103.0
p0436064,"{, m112942, m168607, m219610, m3315386, 206, m1828, 20702, m109, m4522400, m484634, m1403206, 6300,  2,  3, 72, 6363, m0768838,  8, m5846628,  m3330764}","Kallaway, David",actor,0.490909090909,0.000918275397442,4.0,11.0
p2513232,{},"Mello, Rob",director/actor,0.0,0.0,1.0,0.0
p5273037,{ m31532},"Teague, Jack",director/actor,0.0,0.0,1.0,0.0
p4986289,{},"Babington, Walker",actor,0.0,0.0,1.0,0.0
p0927794,"{84, m1127221, 2200, m0903747, m2510028, 971, 2782, 8948, 0354615, m2404435,  m1245733, m25574,  m1296869, m0409572, 341, m1549920,  m1468381, 738, m0943326, m029361, 10875, 5929, m2011276, 501, m1715342, m3756722, m2088907, 7, 206, m0765010, 081, 6, m1767354, 5068, 306, m04194, m010964, m2611626, m0367135, m1965162, 7230, m0105291, m0360523, m44743,  284, 589, m0232992, m0309612, 3704, 9570}","Wiggins, Kevin",director/actor,0.831144108129,0.0093136367539,4.0,103.0
p7251647,{},"Macmillan, Jameson",actor,0.879797979798,0.000875597466507,4.0,100.0
p7401880,{},"Gastian, Shona",error,0.0,0.0,1.0,0.0
p2667240,{},"Lowry, Ed",director/actor,0.879797979798,0.000875597466507,4.0,100.0
p1551999,"{m1657507, m2247476, m1790886, m2917388, m334622, m6145774, 036, 2098, 8322, 959, m325002, m6151796, m3799088, m1599357, m040308, 694, 05, m2473602, 955, 6559, m1094206, 524, 0,  m0828465, 1375, m0901693, 7, 1116, m1007018, m186971, m0389860, m3158950, m4651666,  m339378, m152885, m1596363, m4651520, m1590961, m046968, m2497980, 770, m0441796, m3203606, 0480, 464, m1144884, m1663187, m138, 903088, 109, m02, 0129, m1266121, m1666642, m1937506, m1904996, m0282386, 462, m3113696, m1279972, m2948790, 39, m1558731, m296325, m1841642, m231271, 38, 33, m5846628, 534, m183359}","Slaughter, Billy",actor,0.469696969697,0.00132947685031,4.0,12.0
p6848589,{},"Jolly, Matthew",actor,0.0,0.0,1.0,0.0
p7847679,{},"Coen, Davis",actor,0.879797979798,0.000875597466507,4.0,100.0
p2936232,{},"Sensmeier, Martin",actor,0.0,0.0,1.0,0.0
p6301084,{},"Guidry, James E.",actor,0.879797979798,0.000875597466507,4.0,100.0
p1694797,"{, m1659343, m0455275, m1214962, m5496292, 3652, 7136, m1155344, m1095217, 138, 763264, m18764, m4820296, m2543, m0437714, 6578, m3346224, 872, m2404435, m2151543, 41, m5068970, m1663187,  m0426480, 2665, m184462, 2247476, m2392439, 9, m045346, m1279972, m296325, m5651458, 6026, 0892, m0807028, m03857, m1590961, 088, 3606, m3212, m1386604, m0413385, 9526, m3384392, m1144884, m41471,   m1045772, m119111, 7044, 754, m1853728, 7647, 4037, 022, m6137056, m1611224, m2205652, 95, 2977, m506896, m04460, m3715, 4139,  m0397078, m1133985, m4450240, m1519664}","Rhodes, Dane",actor,0.787061994609,0.0201583738771,3.0,106.0
p0975225,"{m2770480, m1136683, m017752, 96083, m3644692, m0321021, 5764, 398, 86, m0379780, m2140379, 01, 05, m180830, m1229367, m2151543, m0284023, 9464, 7, m1704586, 917, m1684927, m2543312, m0247082, 6820, m0426396, m614577, m3645618, 445, m2600742, m1266121, m0364888, m0420225, m1075746, m0412523, 4429, m1555373, 177, m2799012, m0395843, 0272, m2017, m3004696, m1265621, 334, m105983, 0866, m4441098, m047304, m1343115, 5138, 68, m2993674, m10159, 2201, m0910926, m1023347, 1981, m2404435, m0490919, m1226752, 0676, m14401, 3606, m1535608, m13289, m0865557, m270779, m1398429, 0961, m1743375, m047334, m1279972, m5679446, m4320180, m0251412, m0884294, 67034, m0787469, m1499249,  m0499591, m2752758, 661382, m2381941, m264754, m3350890, 841642, m0452636, m353072}","Furst, Griff",director/actor,0.786522911051,0.0210827949246,3.0,106.0
p3756260,{},"Stickler, David",actor,0.879797979798,0.000875597466507,4.0,100.0
p4578276,"{203, 342, m5916, m5276966, 716, 080, 42, m2404435, m436032, m482946, 713, m4287350, m5157, 2, 353, 647, 185, 9, 8}","DeRose, Lyle",director/actor,0.862772277228,0.00403255554771,4.0,101.0
p2385988,{},"Mullins, Jody",actor,0.0,0.0,1.0,0.0
p0695435,"{m1705101, m4528890, m1131734, m2404435,  m10788, m2203947, 0, 3, m1715873, 5, 4,  m0810922, m1622696, 9,  232,  m1790885, 1394, m039, m0318883, 147,  m4154756, 619, m0295249, 2601, 755, m1490017, m2138881, m1266020, m135564}","Pratt, Chris",actor,0.879797979798,0.000875597466507,4.0,100.0
p2464706,"{1279, 0961, 2095886, m2404435, 36}","Beals, Jackson",actor,0.847019996117,0.00513997436346,4.0,102.0
p6115188,{},"Dobrisky, Francis",actor,0.0,0.0,1.0,0.0
p1096816,"{1906, 0, m2404435, m30146,  4762, m3238730, 326, m0331281, 7, m5158800, m3505650, m2002718, m1278469, m2382010, m2151891, m3531260, m238108,  m384380, m2836628, m117549, m2400313, m166297, m1865573,  m1691449, m4385852, m1885325,  877, 3, 245, 9, m560834, 8268, 396653, m15683, m2697518, 388, m0115147, m265725}","Gassaway, Mike",actor,0.845855173753,0.0107852094595,4.0,102.0
p1011531,{},"Lazar, Carrie",director,0.879797979798,0.000875597466507,4.0,100.0
p8337726,{},"Wylie, John",actor,0.879797979798,0.000875597466507,4.0,100.0
p8337727,{},"Camp, Fionn",error,0.879797979798,0.000875597466507,4.0,100.0
p8337724,{},"Brown, Ryan",actor,0.879797979798,0.000875597466507,4.0,100.0
p7513053,{},"Walker, Jacob",actor,0.879797979798,0.000875597466507,4.0,100.0
p2002316,"{m1836037, 26, m1091996, 156, m166333, m1291556, m093509, m2404435, m1701228, m1024733, 3, 2, m1282147, 4, m423, m22240, 9, 6474, 7884, m2815966, 50}","Browder, Vic",actor,0.862772277228,0.00392856301947,4.0,101.0
p3642904,{},"Martinez, Jose B.",actor,0.0,0.0,1.0,0.0
p7460288,{},"Vince, Danny",actor,0.879797979798,0.000875597466507,4.0,100.0
p0765597,"{1, 0402, m3726704, m0160434, m0361, 47,  m163,  m0804522, m0267626, m2404435, m0262, 1736, m0323944, m0924137, 2, m0384929, 9958, m135568, 6, m0120240, 8, m1133985, 8844,  17673, m033376, m012626, m0171804, 7, m4682788, m09109, m0275521, m34765, 3933, 3743, m2250763, m076821, 5737, m1619029, m4185100, 487, 93, m184752, 04}","Sarsgaard, Peter",actor,0.879797979798,0.000875597466507,4.0,100.0
p2880650,{},"Miller, David",actor,0.0,0.0,1.0,0.0
p6021414,{},"Prince, Dodge",actor,0.879797979798,0.000875597466507,4.0,100.0
p0000160,"{m012076, m3721954, m329733, m1922777, m0433362, 27, m0226935, m0119223, m011170, m1824966, 9816, 839, m013965, m2404435,  m0460792,  m1605777,  0878, m3093522, m010579, 404, 5, m0089114, 6, m2219650, 507, m2239822, m0243017,  399, 6246, 2500, 753, 147, m0114371, 448, m0171359, 992, m1386703, 0042, 714, 1098, m0271020,  m01024, m04377, m2184339, 716, m3397754, 9177, m0452660, m544245, m0120834, 28533, m0160672, m0292963, m1334573, m6053438, m2167202, m3608930, m0103247, m0398712, 5719, 929}","Hawke, Ethan",director/actor,0.846631721996,0.00644071837254,4.0,102.0
p7797494,{},"Calhoun, Brady",actor,0.879797979798,0.000875597466507,4.0,100.0
p5456827,{},"Jones, Cedric D.",actor,0.879797979798,0.000875597466507,4.0,100.0
p2093766,{},"Grimes, Luke",actor,0.879797979798,0.000875597466507,4.0,100.0
p7562589,{},"Greely, William",actor,0.879797979798,0.000875597466507,4.0,100.0
p1413353,{},"Schmitz, Eric C.",actor,0.879797979798,0.000875597466507,4.0,100.0
p7377921,{},"Winn, Danny",actor,0.0,0.0,1.0,0.0
p1544217,"{7, m0410997, m22265, 716,  m0362359, m024708,  m2404435, m1139668,  m4659174, m0493439, m209560,  m1282140, m5667516, 5489, m2217895, m2573372, 90, m3701714,  9, 528, m08}","Gigandet, Cam",actor,0.380952380952,0.000570112407234,4.0,7.0
p3969329,"{5386, m127997, 33,  m2404435,  m3461828, 754, m4522400, m342, 4894, 46, m3410350, 0961,  1, 7104, 4,  5, 9, m2017109, 152493}","Doleac, Miles",director/actor,0.490909090909,0.00103230803988,4.0,11.0
p3290223,{},"Bethke, Todd",actor,0.879797979798,0.000875597466507,4.0,100.0
p4206690,"{ m17412,  m176423,   m1409008, 46, m19428, m235549, 2449, 9375, m235089, 096, 1,  m1830636, 3, m1853728, 735, m154, 2400, 04148, m1279972, 1677}","Warner, Glen",actor,1.0,0.0,4.0,5.0
p0430885,"{, 210, m078, m0167743,  43,  m0109021, m0275137, m0115238, m017576, 9006,  403, 4886, 66, 8, m0158552}","Joss, Jonathan",actor,0.0,0.0,1.0,0.0
p7239708,{},"Williams, Abigail",error,0.879797979798,0.000875597466507,4.0,100.0
p7706489,{},"Williams, Chase",actor,0.0,0.0,1.0,0.0
p0498093,{},"Lee, Ricky",actor,0.0,0.0,1.0,0.0
p2899381,{},"Lacasa, Derek",actor,0.879797979798,0.000875597466507,4.0,100.0
p5341176,{},"Raziano, Lisa",error,0.0,0.0,1.0,0.0
p0544391,{},"Manzanares, David",actor,0.879797979798,0.000875597466507,4.0,100.0
p7459789,{},"Lee, Derrick",actor,0.879797979798,0.000875597466507,4.0,100.0
p0919671,"{73, m240443}","Welch, Wally",actor,0.862574257426,0.00578137841395,4.0,101.0
p6915195,{},"Donald, Miles",actor,0.879797979798,0.000875597466507,4.0,100.0
p0496932,"{44, m0416080, 0991, 5, 4, m1583421, 9, 546,  81,   m52274, m0997157, m0923703, m5966750,  m175720, m0336678, 143, m1113186, m0286017, m0235452, m1821694, m1340138,  m34, 084,  m4914580, 4798}","Lee, Byung-hun",actor,0.846049310813,0.00914308647409,4.0,102.0
p0853566,"{ , 22, m3203606, 480936, m26,  44, m4104354, 084,  3, 5, 156, 6, m1230168, 90, 4}","Jr., John Teal",actor,0.333333333333,0.00157436990188,3.0,9.0
p5102780,"{m284,  m3203606,  m150271, m38611, 1098, 43, 404435, 34, m270779, 002, 3, m20939, 1520, 4, 6, 2, 138}","Rhodes, Gus",actor,0.879797979798,0.000875597466507,4.0,100.0
p7440224,{},"Grossman, Steven",actor,0.879797979798,0.000875597466507,4.0,100.0
p4512440,{},"Hounsell, Ray",director/actor,0.879797979798,0.000875597466507,4.0,100.0
p3240564,{},"Angelis, Alix",director,0.0,0.0,1.0,0.0
p7718809,{},"Loper, Gary Wayne",actor,0.879797979798,0.000875597466507,4.0,100.0
p7144573,{},"Louder, Robert",actor,0.879797979798,0.000875597466507,4.0,100.0
p3181865,"{ 454, 44,  31, m3922818, 5095, m404678, 77, 0, 2, 7}","Powers, Frank",director/actor,0.333333333333,7.55417422084e-05,4.0,3.0
p0093589,"{364817, m1915581,  m04202, 43, m2404435, m040959, 3, 5, 4,  m22680, m208757}","Bomer, Matt",actor,0.879797979798,0.000875597466507,4.0,100.0
p7633615,{},"Lemme, Heath",actor,0.879797979798,0.000875597466507,4.0,100.0
p0961185,"{, m10340, 42, m4151192, m0433309, m3513704, 87, 4204, m329733, 24, m3553442, m0903657, 8757, m4687906, 3690, m0286486, m3708886,  m2582782, m2404435, m4778586, m2084950, m0830361, m0409572,  m1274730, m0486766, m1039251, 6203, m0475784,  m12305, 6022, m1282147, 7884, m2657258,  m197795, m1836037, 062, m4136014, m3315386, 992, m2369492, m0770814, m0460690, m0368479, m0805669, m5611404, m5050332, 8552, m2611626, m4052590, m3597606, m0455275, m2224004, m45933, m093266, m1216499, 92543, m078332, 84, m1745959, m2209764, m0364845, m0278422, 6272, m1714204, m255749, m150737}","Kenin, Dylan",actor,0.815907393577,0.0212368408646,3.0,104.0
p0005406,"{40124, m2372888, 0042, m024708,  m045204, m0386998, m3631272, m0479289,  m5471472, 0961, m0118330, 310234, 7, 9, 932, 80, m0418, 18113}","Scott, William Lee",actor,0.733333333333,8.98091807183e-05,4.0,6.0
p7077538,{},"Macon, Stormy",error,0.0,0.0,1.0,0.0
p1752714,"{5053, m1307002, m0452033,  m5028002, m36776, m097615, m1543043, 0084, m5846628, 746700,  m5607782, m3517870, m6210,  m0431428, 8208, 8209, 325, 3919, m132380, 99, 121, m0961, m17916}","James, Clint",director/actor,0.832095945174,0.0061270737917,4.0,103.0
p0039327,"{m26306, 996, 5886, m2207006, m2362694, m4574724, m182152, m1510795, m4498596, m296325, 6573, m3849610, m3606968, m3693252, m2262394, m150981, m6243274, m452656, m3945858, m151708, 5419, m3638288,  m3409734, m2901750, 5, 84, 7, 0568, m1212450, m1216851, 9544, m270039, m554016, 918, m0772137, m3619070, m3517870, m5924426, m318780, m3315386, 754,  m191318, m4540868, 466, 670, 856, m5515410, 0084, m1997296, 0780, m5044656, m2017109, m371979, 92, m3834906, 4603, 79, m1647363, 1436, m3088306, m1379193, m3806962, 15, m3516878}","Ashworth, Mark",actor,0.722222222222,0.000136052219386,4.0,9.0
p4230755,"{m2404435,  46, 31, m1733, 455, 112403, 1, m184164, 2, 72, 7, m1583421, 9}","Rogers, Michael Patrick",director/actor,0.863168316832,0.00271444890472,4.0,101.0
p7152206,{},"Langlois, Dylan",actor,0.0,0.0,1.0,0.0
p5535622,{},"Pickard, Philip David",actor,0.879797979798,0.000875597466507,4.0,100.0
p0709555,{},"Randall, Chad",actor,0.879797979798,0.000875597466507,4.0,100.0
p4710092,{},"Wilson, Frank",actor,0.0,0.0,1.0,0.0
p4096851,"{, 1786, m25574, 080036, 3, 95}","Palmer, Martin",actor,0.666666666667,3.33000333e-05,4.0,3.0
p0692670,"{m0120146, m0097971, m008792, 106, m2069708, m010362, 5095, m348829, 3, 2, m240443, 7,  m0101878, 7470, m0092117, m1278469, m0804550,  m0104031, m0095384, 750, m04773, m020918, m0096639, m0113524, 6, 998, m1078577, m0112835, 245, m0088408, 9488, m0099134, 5467, 9483, m028999, m009993, m2183}","Posey, Matthew",director/actor,0.166666666667,0.000419630227323,4.0,4.0
p8229619,{},"Nicolae, Michael",actor,0.879797979798,0.000875597466507,4.0,100.0
p8229964,{},"Smith, Jordan",actor,0.879797979798,0.000875597466507,4.0,100.0
p2636310,{},"Garcia-Rulfo, Manuel",actor,0.0,0.0,1.0,0.0
p7431474,{},"Sr., Stradford Goins",actor,0.879797979798,0.000875597466507,4.0,100.0
p5090072,"{, 40443, 20}","Centanni, Ron",actor,1.0,0.0,4.0,2.0
p0108703,"{591, m1001562, m010248, 8344, 0736, m0298737, m09724, 06, m0109893, 6846,  m0106557, 256415, m1235099, m21834,  m1489428, m0118867, 4, 324, m19992, m0804432, 811, m0138993, m2274304, m3268422, 349, m0247082, m134707, m0401088, m0113293, m119, m16668, m3203606, m0244953, m0114039, m0113873, m0120089, m0368479, m0462232, m0112835, 4549, 9, 40421, 2979,  8, 1496, m0108049, m0844, 226, 27839, m171420, 95, m0830900, 1880, 20}","Bridgers, Sean",director/actor,0.290909090909,0.0101981268429,3.0,11.0
p7634925,{},"Montes, Gustavo",actor,0.879797979798,0.000875597466507,4.0,100.0
p7508045,{},"Easterling, Terence",actor,0.879797979798,0.000875597466507,4.0,100.0
p5041286,"{3, 3367, 29}","Santiago, Johnny",actor,0.0,0.0,1.0,0.0
p7536044,{},"Bickham, Charles",actor,0.879797979798,0.000875597466507,4.0,100.0
p0005068,"{m0790741, m3367, m2193191, 6596, m1815708, 195, 1341, m4177822, m2724532, m0460902, m0458449, m2733252, m045494, m13990, m0443473, m1416801, m0928375, m249780, 7675,  m227594, m3781, 0651, 1738, m3503840, 7244, 59382, m1302019, m0473364, m2417096, m035615, m2404435, m3305096, m3036676, m1594917, 3, m3081268, m0120735, m0787515, m2932532, 0617, m3550902, m6038042, m464, 8965, m0805570, m1277953, m1319743, m36855, m3213, 6994, m078496, m0416243, m21930, m1993396, 5550, 455499, m0934814, m0208092,  m0922642, m2823574, m041107,  6245, 5852, 0426501, m2081274, m036139, 7378, 14, 5778, m1206881, m2072268, m2483208, 5426, m340133, m0315824, m0187078, m3592904, m1597033, 543, m0377070, m038160, m225255, m0445114, m2510268}","Jones, Vinnie",actor,0.879797979798,0.000875597466507,4.0,100.0
p7398241,{},"Doucet, John",actor,0.879797979798,0.000875597466507,4.0,100.0
p1456412,"{, 1154, 980, m04121, 163020, m2404435, m1458427, 36, 6536}","Jr., Thomas Blake",director/actor,0.879797979798,0.000875597466507,4.0,100.0
p1157205,"{m2, m6267276, 49, m3778774, 47, m373490, 05812, 4673, m2404435, m5666046, 1196, m0329245, 0, 3, m624679, 6308, 7,  66, m0317135, m2366127, 6686,  m5040202, m0772137, 089, m4998626,  m1142800, 2624, m5173164, m0460611, m5875676, m5843976, 463, m3539960, m5935392, 71, m0105690, 8241, 029, m2582324, m0779255, 54}","Wayne, Kevin",director/actor,0.863366336634,0.00244937091528,4.0,101.0
p6931048,{},"Ourso, James",actor,0.0,0.0,1.0,0.0
p7779930,{},"LaGroue, Emily",error,0.0,0.0,1.0,0.0
p0599907,"{0138, m0081930, 3138,  3991,  m0170821, m5300840, m2350892, m1124037, m0453467, 55, 10875, m0450405, m1764647, m0290745, m0426480, 413, m0938706, m2356777, m0095239, m01079, m0445974, m01661, m1276104, 82, m0156976, m0091544, 87, m0884328, 219588, 0521, m0081843, m1327194, 05, m0910905, m2059171, 4414, m4033204, m4947608, m0179473, m0232957, 7, 1251, 425, m1146438, m304022, m0427309, 6584, m0469965, m1853728, m146205, m2761578, 7378, m1111948, 34, m2312718, m0087967, m0130416, m1833296, m0195284, m1572315, 9553, 0197, m0385726, m0446676, m007917, 5034, m1981128, m4695800, 64, 67, m0457308, m0106451, m1810697, m1409008, .., m026446, 6765, m2404435, m1836944, 2, m1279972, 502, m0787498, m0496343, m1535608, 0961, m1743375, m0303311, m4163960, m2980696, m0081873, m1781062, m03}","Montgomery, Ritchie",actor,0.800915750916,0.0153859840194,4.0,105.0
p7274785,{},"Mooney, Zach",actor,0.0,0.0,1.0,0.0
p0000243,"{761, 24, 07, 04, m1111422, m0765429, 44, 7309, m032810, m2404435, m0133952,  7818, 344, 2740, 3, 4848, m0115956, m0107798, m0145681, m0079161, m0076923, m0104797, 814, m3766354, 90766, m0117372, m01748, m0100168, m0102789, m0083483, m2671706, m025116,  m011285, m0477080, 2878, m0097880, 77, m0124718, 73, m0091106, 8, m01598, 90, 485, m159934, m0368008}","Washington, Denzel",director/actor,0.814787154593,0.0174206219297,4.0,104.0
p0298807,{},"Fuqua, Antoine",director/actor,0.0,0.0,1.0,0.0
p5236560,{},"Stewart, Mary Peyton",error,0.879797979798,0.000875597466507,4.0,100.0
p7362234,{},"Johnson, Robert D",actor,0.0,0.0,1.0,0.0
p2247245,{},"Bennett, Haley",error,0.0,0.0,1.0,0.0
p5330533,"{m240602, 54, m138, m270779, 76, 5}","Coffman, John C.",actor,0.863168316832,0.00271444890472,4.0,101.0
p0000352,"{m0114558, m0098330, 3808, 52105, m0160399, 980,  m119694, m0088513, m20857, m187219, m0092513, m2404435, m192543, m049340, m0273453, m0106379, 643, 23573, m0085547, m03375, m35790, m0226935, m0192671, m0140594, m0113335, m09762, 161216, m1741243, m0105306, m0107613, m1922777, m1856057, 181, 0874, m3322312, m5724316, 9788, m022843, 7385, m049838, m353023, m009476, m0306274, m0116289, m0318761, m0995868, m0272274, 503954, m01002, m3554506, m0120878, m023892, m198947, m0093058, m0116465, m012076, m0101787, m0105151, m0106028, m0118762, m015014, 58, 14, m192546, m0095690, m1008010, m0442681,  m0101629, m44116, m1042877, 8890, m1137450, 118174, 9571, m0479912, m1416801, 0188, m011965, m1651065, 0764, m0110115, m0119812, m0086759, m0107152}","D'Onofrio, Vincent",director/actor,0.879797979798,0.000875597466507,4.0,100.0
p7245921,{},"Hopkins, Samantha",error,0.879797979798,0.000875597466507,4.0,100.0
p1040127,{},"Gliddon, Jamie",actor,0.0,0.0,1.0,0.0
p6591687,{},"Kent, Kevin",actor,0.879797979798,0.000875597466507,4.0,100.0
p1546201,{},"Boyd, Sean",actor,0.879797979798,0.000875597466507,4.0,100.0
p4526368,"{m326951, 788,  m3647498, m1438, 52,  m247947, m17673, m2558996,  m589041,  208, 650, 178636, 1464, 5, m265725, 90}","Larance, Rodger",actor,0.666666666667,5.93542260209e-05,4.0,4.0
m0314353,{},Tears of the Sun,movie,,,,
m1733258,{},Pillow,movie,,,,
m1126591,{},Burlesque,movie,,,,
m1229367,{},Living Proof,movie,,,,
m0114558,{},Strange Days,movie,,,,
m1045778,{},Year One,movie,,,,
m6202866,{},FrIEND,movie,,,,
m2301058,{},Crackers,movie,,,,
m1045772,{},I Love You Phillip Morris,movie,,,,
m5443994,{},Santa Fe Mysteries: Sacred Ground,movie,,,,
m1810697,{},Meeting Evil,movie,,,,
m2503954,{},Broken Horses,movie,,,,
m0080197,{},Beulah Land,movie,,,,
m5761496,{},Get Shorty,movie,,,,
m0448965,{},Mysterious Island,movie,,,,
m1659343,{},Universal Soldier: Day of Reckoning,movie,,,,
m3249612,{},"Sex, Marriage and Infidelity",movie,,,,
m4299372,{},Allhelluja: Superhero Motherf*cker Superman,movie,,,,
m0131079,{},Two Idiots in Hollywood,movie,,,,
m1922777,{},Sinister,movie,,,,
m2190690,{},My Heart Dies with You: Hearts Race,movie,,,,
m1178636,{},Crash,movie,,,,
m0195284,{},Solar Eclipse,movie,,,,
m5666046,{},Super Science Showcase,movie,,,,
m1663187,{},The Chaperone,movie,,,,
m0800268,{},Wieners,movie,,,,
m2217895,{},One Square Mile,movie,,,,
m2909476,{},A Certain Justice,movie,,,,
m0112857,{},Devil in a Blue Dress,movie,,,,
m0460676,{},Sons & Daughters,movie,,,,
m0170821,{},Yakima Wash,movie,,,,
m1811307,{},Burning Blue,movie,,,,
m5600568,{},Fortuity,movie,,,,
m4480936,{},Indecent Justice,movie,,,,
m5460880,{},Ideal Home,movie,,,,
m0127722,{},Another Day in Paradise,movie,,,,
m0088408,{},With Intent to Kill,movie,,,,
m1144884,{},The Final Destination,movie,,,,
m2241750,{},Drown,movie,,,,
m0420294,{},The Texas Chainsaw Massacre: The Beginning,movie,,,,
m0102138,{},JFK,movie,,,,
m1019413,{},Para-Normal,movie,,,,
m1608290,{},Zoolander 2,movie,,,,
m0775440,{},Cell,movie,,,,
m1745959,{},The Bloody Indulgent,movie,,,,
m3852066,{},Manny Lewis,movie,,,,
m6246790,{},Oak Mountain Murders,movie,,,,
m3614530,{},Jem and the Holograms,movie,,,,
m0118174,{},The Winner,movie,,,,
m1374850,{},Coldplay: Lost?,movie,,,,
m0409572,{},Into the West,movie,,,,
m2191671,{},Elementary,movie,,,,
m1582454,{},Love Bites,movie,,,,
m1662979,{},My Generation,movie,,,,
m1065073,{},Boyhood,movie,,,,
m0760306,{},Basilisk: The Serpent King,movie,,,,
m0437745,{},Robot Chicken,movie,,,,
m1823247,{},The Promotion,movie,,,,
m1582459,{},The Event,movie,,,,
m0113524,{},Kansas,movie,,,,
m1175491,{},W.,movie,,,,
m0112818,{},Dead Man Walking,movie,,,,
m0862846,{},Sunshine Cleaning,movie,,,,
m0986272,{},Validation,movie,,,,
m0974554,{},Elegy,movie,,,,
m4074374,{},Game of Silence,movie,,,,
m0109483,{},The Corpse Had a Familiar Face,movie,,,,
m0787469,{},Game Day,movie,,,,
m1136683,{},100 Million BC,movie,,,,
m0044265,{},The Guiding Light,movie,,,,
m1523399,{},Mind of Its Own,movie,,,,
m1231578,{},Night and Day,movie,,,,
m1252367,{},Easy Money,movie,,,,
m1981677,{},Pitch Perfect,movie,,,,
m1489428,{},Justified,movie,,,,
m1528854,{},Daddy's Home,movie,,,,
m1502712,{},Fantastic Four,movie,,,,
m0321021,{},Without a Trace,movie,,,,
m0286493,{},The Badge,movie,,,,
m1214962,{},Seeking Justice,movie,,,,
m2761578,{},Wicked Blood,movie,,,,
m0431428,{},Take Me Somewhere Nice,movie,,,,
m2513074,{},Billy Lynn's Long Halftime Walk,movie,,,,
m5186146,{},Locus,movie,,,,
m4033204,{},Born Again Dead,movie,,,,
m0928375,{},Legend of the Bog,movie,,,,
m0785077,{},Who's Your Caddy?,movie,,,,
m0329245,{},Johnny Flynton,movie,,,,
m0084052,{},"Harry Tracy, Desperado",movie,,,,
m2392439,{},The Last Long Lost Weekend,movie,,,,
m0120240,{},SUBWAYStories: Tales from the Underground,movie,,,,
m0087921,{},Places in the Heart,movie,,,,
m0418020,{},The Novice,movie,,,,
m4651666,{},Camera Store,movie,,,,
m0923703,{},Geuhae yeoreum,movie,,,,
m0117372,{},The Preacher's Wife,movie,,,,
m1907668,{},Flight,movie,,,,
m1146438,{},The Librarian: The Curse of the Judas Chalice,movie,,,,
m1330018,{},The Devil and the Deep Blue Sea,movie,,,,
m0295249,{},The Extreme Team,movie,,,,
m0893367,{},Robodoc,movie,,,,
m3952746,{},Just Add Magic,movie,,,,
m0349683,{},King Arthur,movie,,,,
m0083486,{},T.J. Hooker,movie,,,,
m1833590,{},Things We Do for Love,movie,,,,
m0446016,{},Pizza My Heart,movie,,,,
m0079173,{},Freedom Road,movie,,,,
m4154756,{},Avengers: Infinity War,movie,,,,
m4465564,{},Fifty Shades Darker,movie,,,,
m0238924,{},The Dangerous Lives of Altar Boys,movie,,,,
m0112835,{},Death in Small Doses,movie,,,,
m3834906,{},Bigfoot: The Curse of Blood Mountain,movie,,,,
m3489184,{},Constantine,movie,,,,
m0118762,{},Boys Life 2,movie,,,,
m3844980,{},The Rabbi's Toast,movie,,,,
m5917168,{},As in Kevin,movie,,,,
m1666823,{},Legs,movie,,,,
m3827684,{},The Hollow,movie,,,,
m2734804,{},Reckless,movie,,,,
m1833296,{},Clunkers,movie,,,,
m0377057,{},Elvis Has Left the Building,movie,,,,
m0463910,{},Big Dog,movie,,,,
m1291566,{},Sidney Hall,movie,,,,
m5972196,{},Mother of the Year,movie,,,,
m2088932,{},The Light in the Night,movie,,,,
m3532216,{},American Made,movie,,,,
m0395843,{},CSI: NY,movie,,,,
m0478304,{},The Tree of Life,movie,,,,
m0116289,{},Feeling Minnesota,movie,,,,
m0132477,{},October Sky,movie,,,,
m1343115,{},Tribute,movie,,,,
m4881424,{},Oleander,movie,,,,
m3644692,{},Banshee Origins,movie,,,,
m1969006,{},Changes,movie,,,,
m3330764,{},The Neighbor,movie,,,,
m1510795,{},Lest We Forget,movie,,,,
m1919090,{},Stash House,movie,,,,
m3503840,{},Absolution,movie,,,,
m2111478,{},Mea Maxima Culpa: Silence in the House of God,movie,,,,
m4742790,{},Rush Hour 4: Face/Off 2,movie,,,,
m3693252,{},Gilda Sue Rosenstern: The Motion Picture!,movie,,,,
m3093522,{},Cymbeline,movie,,,,
m1705101,{},Ben 10 Ultimate Alien: Cosmic Destruction,movie,,,,
m0381601,{},Slipstream,movie,,,,
m3461828,{},Cat Run 2,movie,,,,
m1403206,{},Night & Day,movie,,,,
m0395443,{},Alien Lockdown,movie,,,,
m1113186,{},Hae-pi Too-ge-deo,movie,,,,
m2219650,{},Seymour: An Introduction,movie,,,,
m1279972,{},Treme,movie,,,,
m0318883,{},Everwood,movie,,,,
m0083483,{},St. Elsewhere,movie,,,,
m4382872,{},Extraction,movie,,,,
m1319900,{},Ghost Adventures,movie,,,,
m1684226,{},The Normal Heart,movie,,,,
m5875676,{},Spirit Tap,movie,,,,
m3442006,{},Cake,movie,,,,
m3337194,{},From Dusk Till Dawn: The Series,movie,,,,
m1195478,{},The Five-Year Engagement,movie,,,,
m1901006,{},The Jester,movie,,,,
m6144876,{},Purgatory Road,movie,,,,
m0081873,{},Hill Street Blues,movie,,,,
m4955566,{},Holding Patterns,movie,,,,
m0820909,{},Just Another Box,movie,,,,
m1863201,{},Dark Circles,movie,,,,
m1111948,{},Soul Men,movie,,,,
m0800308,{},Appaloosa,movie,,,,
m0807743,{},Amy Coyne,movie,,,,
m0105790,{},Waterland,movie,,,,
m0976156,{},No Way Out,movie,,,,
m0757352,{},Twenty Questions,movie,,,,
m5024894,{},Race to Redemption,movie,,,,
m0176734,{},Freak City,movie,,,,
m1942798,{},Alien Tornado,movie,,,,
m3514886,{},Manhattan Love Story,movie,,,,
m1152397,{},American Violet,movie,,,,
m3723848,{},Forced Move,movie,,,,
m3350890,{},Starve,movie,,,,
m0866442,{},Eastbound & Down,movie,,,,
m0804522,{},Rendition,movie,,,,
m3922754,{},Ardennes Fury,movie,,,,
m1037222,{},Robosapien: Rebooted,movie,,,,
m0772137,{},The Game,movie,,,,
m5028002,{},StartUp,movie,,,,
m2426994,{},Synarchy: The Awakening,movie,,,,
m1657505,{},Necessary Roughness,movie,,,,
m1657507,{},Colombiana,movie,,,,
m5087514,{},Delta Justice: The Islenos Trappers War,movie,,,,
m1790886,{},The Campaign,movie,,,,
m1401241,{},Madso's War,movie,,,,
m1790885,{},Zero Dark Thirty,movie,,,,
m1230168,{},Same Kind of Different as Me,movie,,,,
m3896198,{},Guardians of the Galaxy Vol. 2,movie,,,,
m0160399,{},Impostor,movie,,,,
m0081930,{},Simon & Simon,movie,,,,
m4593342,{},I Am That,movie,,,,
m0109893,{},Getting In,movie,,,,
m0267626,{},K-19: The Widowmaker,movie,,,,
m6213952,{},Anything,movie,,,,
m3861138,{},The Veil,movie,,,,
m4385852,{},A Curry on an American Plate,movie,,,,
m0102455,{},Mission of the Shark: The Saga of the U.S.S. Indianapolis,movie,,,,
m4469700,{},A Father's Dying WIsh,movie,,,,
m1037705,{},The Book of Eli,movie,,,,
m0102456,{},Mississippi Masala,movie,,,,
m3530232,{},Last Week Tonight with John Oliver,movie,,,,
m1596363,{},The Big Short,movie,,,,
m1836037,{},Longmire,movie,,,,
m2510028,{},Frontera,movie,,,,
m1046245,{},Cross,movie,,,,
m0260991,{},Gongdong gyeongbi guyeok JSA,movie,,,,
m4682788,{},Escobar,movie,,,,
m0113873,{},Murderous Intent,movie,,,,
m1340138,{},Terminator Genisys,movie,,,,
m2369492,{},Bedlam,movie,,,,
m1885325,{},Out of the Darkness,movie,,,,
m0285742,{},Monster's Ball,movie,,,,
m0361498,{},Death of a Dynasty,movie,,,,
m2957278,{},Figure 8,movie,,,,
m0128072,{},Before Women Had Wings,movie,,,,
m0091106,{},The George McKenna Story,movie,,,,
m0105291,{},Ruby,movie,,,,
m1563704,{},Legendary,movie,,,,
m4365062,{},Lilin's Brood,movie,,,,
m1119609,{},The Caravan,movie,,,,
m1913186,{},Trozos de luz,movie,,,,
m0356150,{},EuroTrip,movie,,,,
m1558731,{},Cigarettes et bas nylon,movie,,,,
m0156976,{},Chasing Destiny,movie,,,,
m0086759,{},Miami Vice,movie,,,,
m3316948,{},American Ultra,movie,,,,
m0460089,{},Inconceivable,movie,,,,
m5608348,{},The Splinter Cell: Part 2,movie,,,,
m3297330,{},Good Kill,movie,,,,
m0099817,{},Dark Angel,movie,,,,
m2649554,{},Midnight Special,movie,,,,
m2752772,{},Sinister 2,movie,,,,
m2397535,{},Predestination,movie,,,,
m1639446,{},The McVeigh Tapes: Confessions of an American Terrorist,movie,,,,
m0112471,{},Before Sunrise,movie,,,,
m1568323,{},Beatdown,movie,,,,
m0959329,{},Nine Dead,movie,,,,
m2707792,{},Bonnie & Clyde,movie,,,,
m0934459,{},The Hitchhiker,movie,,,,
m0259497,{},Pendulum,movie,,,,
m0408790,{},Flightplan,movie,,,,
m1148204,{},Orphan,movie,,,,
m2584932,{},Voice on the Phone,movie,,,,
m0104647,{},Kuffs,movie,,,,
m2802144,{},Kingsman: The Secret Service,movie,,,,
m0096732,{},The Young Riders,movie,,,,
m0982899,{},The Morning,movie,,,,
m2357939,{},Hollywood Heights,movie,,,,
m0369294,{},Killer Diller,movie,,,,
m6148766,{},Pure Country 3: Pure Heart,movie,,,,
m3491432,{},Tomorrow Love,movie,,,,
m1666642,{},Revenge of the Bridesmaids,movie,,,,
m0298737,{},Apple Jack,movie,,,,
m1673434,{},The Twilight Saga: Breaking Dawn - Part 2,movie,,,,
m5535140,{},Gaia the Teller,movie,,,,
m0250617,{},Night at the Golden Eagle,movie,,,,
m2193021,{},Arrow,movie,,,,
m2431420,{},2 & Twenty-Six *Reprise*,movie,,,,
m1265990,{},The Roommate,movie,,,,
m5164876,{},Targeted,movie,,,,
m4866982,{},Graves,movie,,,,
m3238730,{},Land of Leopold,movie,,,,
m0384929,{},The Dying Gaul,movie,,,,
m1663333,{},Doc West: La sfida,movie,,,,
m2183404,{},Rectify,movie,,,,
m0384257,{},Knuckle Sandwich,movie,,,,
m0114549,{},Stolen Memories: Secrets from the Rose Garden,movie,,,,
m4126340,{},Joe Dirt 2: Beautiful Loser,movie,,,,
m0140282,{},In God's Hands,movie,,,,
m0477080,{},Unstoppable,movie,,,,
m0101629,{},Crooked Hearts,movie,,,,
m1519664,{},Ticking Clock,movie,,,,
m3699372,{},Let Me Make You a Martyr,movie,,,,
m0115238,{},Dead Man's Walk,movie,,,,
m5611404,{},Elements of Matter,movie,,,,
m2691394,{},Parks and Recreation: Dammit Jerry!,movie,,,,
m1196946,{},The Mentalist,movie,,,,
m0426501,{},Johnny Was,movie,,,,
m1851040,{},Powers,movie,,,,
m4307936,{},Text Santa 2014,movie,,,,
m1216851,{},It's Supernatural,movie,,,,
m0360523,{},Drive,movie,,,,
m1188729,{},Pandorum,movie,,,,
m3799694,{},The Nice Guys,movie,,,,
m1196948,{},The Necessary Death of Charlie Countryman,movie,,,,
m0120744,{},The Man in the Iron Mask,movie,,,,
m4236442,{},Anomaly,movie,,,,
m0107818,{},Philadelphia,movie,,,,
m3219520,{},The Man Who Made It Snow,movie,,,,
m0095690,{},Mystic Pizza,movie,,,,
m5846628,{},Dark Meridian,movie,,,,
m1477675,{},Blood Out,movie,,,,
m2545936,{},Jake's Road,movie,,,,
m5488854,{},La vida inmoral de la pareja ideal,movie,,,,
m2041488,{},Thunderstruck,movie,,,,
m3658772,{},Misconduct,movie,,,,
m0115801,{},Cadillac Ranch,movie,,,,
m3014626,{},Day 3,movie,,,,
m3579102,{},K'ina Kil: The Slaver's Son,movie,,,,
m1601475,{},Seconds Apart,movie,,,,
m0428265,{},Big River,movie,,,,
m0807028,{},The Pool Boys,movie,,,,
m1716573,{},Money Power & Respect: The Series,movie,,,,
m2770480,{},Remember Sunday,movie,,,,
m0847503,{},Murder Book,movie,,,,
m1609488,{},Language of a Broken Heart,movie,,,,
m3885524,{},The Phenom,movie,,,,
m2207006,{},The Obama Effect,movie,,,,
m2362694,{},Your Pretty Face Is Going to Hell,movie,,,,
m1019424,{},"Where's My Close-up, Mr. Thornton?",movie,,,,
m3553976,{},Captain Fantastic,movie,,,,
m0102106,{},In Broad Daylight,movie,,,,
m3849610,{},American Hell,movie,,,,
m0477071,{},Premonition,movie,,,,
m0427713,{},Remnants of Auric Healing,movie,,,,
m0087666,{},Making the Grade,movie,,,,
m1327801,{},Glee,movie,,,,
m2151543,{},Arachnoquake,movie,,,,
m1094206,{},Welcome to Academia,movie,,,,
m4163020,{},Tales of Halloween,movie,,,,
m0120735,{},"Lock, Stock and Two Smoking Barrels",movie,,,,
m0120089,{},The Killing Secret,movie,,,,
m5158800,{},God Made Man,movie,,,,
m6038042,{},Madness in the Method,movie,,,,
m3495206,{},All for the Card,movie,,,,
m6199366,{},Snake Heel,movie,,,,
m0100168,{},Mo' Better Blues,movie,,,,
m0171359,{},Hamlet,movie,,,,
m2359307,{},Squatters,movie,,,,
m5173164,{},Horn,movie,,,,
m3554506,{},The Unlicensed Therapist,movie,,,,
m0467500,{},War Birds: Diary of an Unknown Aviator,movie,,,,
m1993396,{},Toxin,movie,,,,
m1619029,{},Jackie,movie,,,,
m0208092,{},Snatch,movie,,,,
m0115147,{},The Daily Show,movie,,,,
m4597870,{},Mercy Street,movie,,,,
m4677244,{},Solar Eclipse: Depth of Darkness,movie,,,,
m4829466,{},Molten,movie,,,,
m5287600,{},Making the Choice,movie,,,,
m5594444,{},Kudzu Zombies,movie,,,,
m4656392,{},Lego Dimensions,movie,,,,
m2483208,{},Way of the Wicked,movie,,,,
m0207919,{},Relic Hunter,movie,,,,
m2179136,{},American Sniper,movie,,,,
m2106377,{},Cry,movie,,,,
m0315824,{},The Big Bounce,movie,,,,
m0420231,{},How You Look to Me,movie,,,,
m5420400,{},Mars Project,movie,,,,
m3525764,{},Status: Unknown,movie,,,,
m4474310,{},The Player,movie,,,,
m5813344,{},Paranormalice,movie,,,,
m5205210,{},Strange Weather,movie,,,,
m0098337,{},Sir Drone,movie,,,,
m0098330,{},Signs of Life,movie,,,,
m1772201,{},Wild Card,movie,,,,
m1996264,{},"For a Good Time, Call...",movie,,,,
m6210914,{},Adventures of a Badass Werewolf,movie,,,,
m0381681,{},Before Sunset,movie,,,,
m0116465,{},Guy,movie,,,,
m5795048,{},Meanwhile in Mississippi,movie,,,,
m3543258,{},A Sunday Horse,movie,,,,
m3774114,{},Snowden,movie,,,,
m0367135,{},A Thief of Time,movie,,,,
m2369135,{},Need for Speed,movie,,,,
m1833108,{},The NoHo Show,movie,,,,
m2262394,{},Dead Man's Hand,movie,,,,
m5068970,{},Like Son,movie,,,,
m2214864,{},Puppy Love,movie,,,,
m1462756,{},B.O.O.: Bureau of Otherworldly Operations,movie,,,,
m0108049,{},Scattered Dreams,movie,,,,
m2002718,{},Machete Kills,movie,,,,
m2065877,{},Apostle Peter and the Last Supper,movie,,,,
m0096617,{},Island Son,movie,,,,
m1277953,{},Madagascar 3: Europe's Most Wanted,movie,,,,
m0498381,{},Rings,movie,,,,
m0275521,{},Minor Details,movie,,,,
m1612319,{},Re-Kill,movie,,,,
m0107912,{},Quick,movie,,,,
m1210166,{},Moneyball,movie,,,,
m1743375,{},Storm War,movie,,,,
m0952665,{},K-Ville,movie,,,,
m0092117,{},True Stories,movie,,,,
m0117318,{},The People vs. Larry Flynt,movie,,,,
m0119053,{},Almost Heroes,movie,,,,
m0285917,{},Point of Origin,movie,,,,
m2751064,{},Mind Games,movie,,,,
m1546360,{},Unusual Suspects,movie,,,,
m0398712,{},Assault on Precinct 13,movie,,,,
m1524137,{},Contraband,movie,,,,
m0116261,{},Eye of God,movie,,,,
m2379713,{},Spectre,movie,,,,
m0399295,{},Lord of War,movie,,,,
m0325842,{},Mother Goose: A Rappin' and Rhymin' Special,movie,,,,
m1966335,{},Weazel Industries,movie,,,,
m0362269,{},Kinsey,movie,,,,
m1656186,{},Stolen,movie,,,,
m0209183,{},Ninth Life,movie,,,,
m2359594,{},Lords of War,movie,,,,
m1686071,{},Love Is Retarded,movie,,,,
m0158937,{},The Settlement,movie,,,,
m2091325,{},Bad Johnson,movie,,,,
m2095605,{},Seal Team Six: The Raid on Osama Bin Laden,movie,,,,
m1723760,{},Dallas,movie,,,,
m0328107,{},Man on Fire,movie,,,,
m1637688,{},In Time,movie,,,,
m0787498,{},Not Like Everyone Else,movie,,,,
m1390398,{},"Bless Me, Ultima",movie,,,,
m0102500,{},Mystery Date,movie,,,,
m2133196,{},Born to Be Blue,movie,,,,
m0359517,{},Johnson Family Vacation,movie,,,,
m0109816,{},Floundering,movie,,,,
m0273453,{},Bark!,movie,,,,
m2932532,{},Bite,movie,,,,
m2140037,{},Jane Got a Gun,movie,,,,
m1764234,{},Killing Them Softly,movie,,,,
m0810922,{},Take Me Home Tonight,movie,,,,
m1901019,{},The Worst Generation,movie,,,,
m5471472,{},American Brawler,movie,,,,
m4325644,{},Union,movie,,,,
m2043933,{},Night Moves,movie,,,,
m1132449,{},Lay the Favorite,movie,,,,
m0478208,{},The Men Who Fell,movie,,,,
m1386697,{},Suicide Squad,movie,,,,
m5463722,{},Trepanation,movie,,,,
m1880926,{},Ballerina,movie,,,,
m0119223,{},Great Expectations,movie,,,,
m6234112,{},When We Burn Out,movie,,,,
m0112167,{},Sliders,movie,,,,
m1228987,{},Let Me In,movie,,,,
m0102593,{},One Good Cop,movie,,,,
m0112041,{},Streets of Laredo,movie,,,,
m2406026,{},Suit Up,movie,,,,
m1282147,{},Doc West,movie,,,,
m0369672,{},A Love Song for Bobby Long,movie,,,,
m0943326,{},Naked Fear,movie,,,,
m3158950,{},Laundry Morning,movie,,,,
m3829920,{},Granite Mountain,movie,,,,
m1535608,{},Monsterwolf,movie,,,,
m1355644,{},Passengers,movie,,,,
m1078577,{},Clown Hunt,movie,,,,
m1437385,{},A mi amor mi dulce,movie,,,,
m4155680,{},CobraGator,movie,,,,
m2101570,{},In the Blood,movie,,,,
m5916430,{},Rat Nest,movie,,,,
m3731562,{},Kong: Skull Island,movie,,,,
m0105690,{},Under Siege,movie,,,,
m3471098,{},Maggie's Plan,movie,,,,
m0174856,{},The Hurricane,movie,,,,
m0413573,{},Grey's Anatomy,movie,,,,
m1333125,{},Movie 43,movie,,,,
m0272974,{},The Guardian,movie,,,,
m4362602,{},Montserrat: Deceptions,movie,,,,
m4778988,{},LBJ,movie,,,,
m1308729,{},Bullet to the Head,movie,,,,
m3213192,{},Overtown,movie,,,,
m0309698,{},Identity,movie,,,,
m0118330,{},Gun,movie,,,,
m5675084,{},Digger,movie,,,,
m0182301,{},Main Street,movie,,,,
m0093058,{},Full Metal Jacket,movie,,,,
m2629910,{},Quicklime,movie,,,,
m0165581,{},The King of Queens,movie,,,,
m2349144,{},Mississippi Grind,movie,,,,
m5436228,{},Woman Walks Ahead,movie,,,,
m1791681,{},Treehouse,movie,,,,
m2206686,{},Lost in Reality,movie,,,,
m1520428,{},The New Tenants,movie,,,,
m0451154,{},The Passing,movie,,,,
m5431724,{},Santa Fe Mysteries: The Elk Moon Murder,movie,,,,
m5903088,{},D.O.A. Blood River,movie,,,,
m2917388,{},Kidnapping Mr. Heineken,movie,,,,
m5496292,{},Girl Driving,movie,,,,
m3480796,{},Vice,movie,,,,
m3553442,{},Whiskey Tango Foxtrot,movie,,,,
m0271537,{},Happy Here and Now,movie,,,,
m4528890,{},Lego Jurassic World,movie,,,,
m1131734,{},Jennifer's Body,movie,,,,
m0133952,{},The Siege,movie,,,,
m0433349,{},Bottoms Up,movie,,,,
m1701228,{},Warrior Woman,movie,,,,
m1446079,{},House Rules,movie,,,,
m0282386,{},Blood Feast 2: All U Can Eat,movie,,,,
m0291341,{},Mean Machine,movie,,,,
m1764429,{},L.A. Noire,movie,,,,
m1334573,{},Moby Dick,movie,,,,
m0984204,{},Love Lies Bleeding,movie,,,,
m2396589,{},Mudbound,movie,,,,
m3566072,{},A Matter of Honor,movie,,,,
m2226519,{},Plush,movie,,,,
m2345481,{},Being Mary Jane,movie,,,,
m1454029,{},The Help,movie,,,,
m0114039,{},Once Upon a Time... When We Were Colored,movie,,,,
m0118375,{},King of the Hill,movie,,,,
m4541934,{},American Bounty,movie,,,,
m2371305,{},Death of a Superhero,movie,,,,
m0085116,{},The Yellow Rose,movie,,,,
m0361639,{},From Toni with Love: The Video Collection,movie,,,,
m2854222,{},Waterclock,movie,,,,
m0087490,{},It Don't Pay to Be an Honest Citizen,movie,,,,
m0120138,{},Sisters and Other Strangers,movie,,,,
m0978799,{},Corridors of the Mind,movie,,,,
m1841642,{},Demonic,movie,,,,
m0452046,{},Criminal Minds,movie,,,,
m3608930,{},In a Valley of Violence,movie,,,,
m1117385,{},Felon,movie,,,,
m0806203,{},Carriers,movie,,,,
m3485942,{},Marriage Pressure Points,movie,,,,
m4149370,{},MR. BLUE SKY,movie,,,,
m3719798,{},In the Tall Timbers,movie,,,,
m0844441,{},True Blood,movie,,,,
m1764647,{},The Door,movie,,,,
m0290745,{},Malpractice,movie,,,,
m3715296,{},Sex Guaranteed,movie,,,,
m2617456,{},Superman: Unbound,movie,,,,
m2617108,{},One Night in Stockholm,movie,,,,
m1579910,{},Love That Girl!,movie,,,,
m2290840,{},Gwanghae: Wangyidoen namja,movie,,,,
m1509788,{},Ass Backwards,movie,,,,
m2401807,{},Tokarev,movie,,,,
m0094484,{},In the Heat of the Night,movie,,,,
m3212002,{},Les maîtres du suspense,movie,,,,
m5016504,{},Preacher,movie,,,,
m5671896,{},Omerta,movie,,,,
m1590764,{},Chlorine,movie,,,,
m1042877,{},Cadillac Records,movie,,,,
m1003063,{},Stille,movie,,,,
m0236677,{},Remo Williams: The Prophecy,movie,,,,
m4151192,{},The Condemned 2,movie,,,,
m0409847,{},Cowboys & Aliens,movie,,,,
m0884328,{},The Mist,movie,,,,
m1155344,{},The Second Line,movie,,,,
m1194424,{},Denizen,movie,,,,
m0887719,{},Blonde Ambition,movie,,,,
m0140594,{},The Taking of Pelham One Two Three,movie,,,,
m4687906,{},Edge,movie,,,,
m0910905,{},In the Electric Mist,movie,,,,
m3260760,{},Laundry Day,movie,,,,
m0120008,{},The Replacement Killers,movie,,,,
m0460690,{},The Unit,movie,,,,
m2978102,{},Term Life,movie,,,,
m0115956,{},Courage Under Fire,movie,,,,
m4524418,{},Warfighter,movie,,,,
m1212450,{},Lawless,movie,,,,
m5238904,{},Replicate,movie,,,,
m0243017,{},Waking Life,movie,,,,
m1507375,{},The Violinist,movie,,,,
m1291196,{},The River Bridge,movie,,,,
m5564758,{},Two Birds,movie,,,,
m3061830,{},Togetherness,movie,,,,
m2446042,{},Taken 3,movie,,,,
m2404233,{},Gods of Egypt,movie,,,,
m4540868,{},Mr. Lockjaw,movie,,,,
m1965206,{},The Pinkertons and the Carbon Arc Contrivance,movie,,,,
m0462232,{},Cold Storage,movie,,,,
m1663676,{},Awkward.,movie,,,,
m2312718,{},Homefront,movie,,,,
m4769498,{},The Lady,movie,,,,
m2268016,{},Magic Mike XXL,movie,,,,
m1075747,{},Jonah Hex,movie,,,,
m1075746,{},I Am Omega,movie,,,,
m1240539,{},Corruption.Gov,movie,,,,
m3597606,{},Dig,movie,,,,
m4450240,{},Socialwerk,movie,,,,
m1855236,{},Just Like a Woman,movie,,,,
m0477348,{},No Country for Old Men,movie,,,,
m1766094,{},So Undercover,movie,,,,
m6287854,{},,movie,,,,
m1493856,{},The Grains of Paradise,movie,,,,
m2963254,{},Salem,movie,,,,
m0478855,{},Army of the Dead,movie,,,,
m6105774,{},The Reliant,movie,,,,
m5734342,{},Big Easy Motors,movie,,,,
m0265244,{},Ji sang man ga,movie,,,,
m2555426,{},Company of Heroes,movie,,,,
m0376994,{},X-Men: The Last Stand,movie,,,,
m0295034,{},Wild Bill,movie,,,,
m0162065,{},Angel,movie,,,,
m5236708,{},Strangelove,movie,,,,
m3249096,{},Sixth Street,movie,,,,
m0118163,{},The Whole Wide World,movie,,,,
m1296869,{},The Keeper,movie,,,,
m4441098,{},Cold Moon,movie,,,,
m0092804,{},Cry Freedom,movie,,,,
m0101878,{},Finding the Way Home,movie,,,,
m0101877,{},Final Verdict,movie,,,,
m2989252,{},Double 0 X,movie,,,,
m1399570,{},Journey of Death,movie,,,,
m1934673,{},Homicide Hunter: Lt. Joe Kenda,movie,,,,
m0420225,{},Path of Destruction,movie,,,,
m3891354,{},Mexiwood,movie,,,,
m0473364,{},The Heavy,movie,,,,
m0080868,{},Hide in Plain Sight,movie,,,,
m0107616,{},Much Ado About Nothing,movie,,,,
m4914580,{},The Age of Shadows,movie,,,,
m2198241,{},The Outsider,movie,,,,
m0107613,{},Mr. Wonderful,movie,,,,
m0323944,{},Shattered Glass,movie,,,,
m0213149,{},Pearl Harbor,movie,,,,
m2558996,{},Dead Billy,movie,,,,
m2948790,{},Return to Sender,movie,,,,
m0089114,{},Explorers,movie,,,,
m2555652,{},Forever,movie,,,,
m5651458,{},Camera Obscura,movie,,,,
m0412523,{},Boa vs. Python,movie,,,,
m1499249,{},Lake Placid 3,movie,,,,
m5138476,{},Dragpires,movie,,,,
m2423054,{},Company M: A Mob of Soldiers,movie,,,,
m0413385,{},Torn Apart,movie,,,,
m1915581,{},Magic Mike,movie,,,,
m1767354,{},Odd Thomas,movie,,,,
m1549920,{},The Last Stand,movie,,,,
m2205652,{},Flying Monkeys,movie,,,,
m1523367,{},Mandrake,movie,,,,
m2292196,{},The Mansion,movie,,,,
m0116410,{},Ghosts of Mississippi,movie,,,,
m3315342,{},Logan,movie,,,,
m2823574,{},Extraction,movie,,,,
m1790809,{},Pirates of the Caribbean: Dead Men Tell No Tales,movie,,,,
m3113696,{},Don't Kill It,movie,,,,
m0090527,{},Starman,movie,,,,
m1647363,{},Heartless: The Story of the Tinman,movie,,,,
m0972412,{},Private Practice,movie,,,,
m1379193,{},Plague of the Damned,movie,,,,
m1628841,{},Independence Day: Resurgence,movie,,,,
m0108758,{},Earth 2,movie,,,,
m4320180,{},Confidential,movie,,,,
m0892535,{},Eli Stone,movie,,,,
m4229768,{},We'll Miss You Carlo,movie,,,,
m2505072,{},The Red Road,movie,,,,
m0108757,{},ER,movie,,,,
m0187078,{},Gone in Sixty Seconds,movie,,,,
m2845966,{},Killzone Intercept,movie,,,,
m2382010,{},Comes a Time,movie,,,,
m2699128,{},The Leftovers,movie,,,,
m2700394,{},Edgar Allan Poe's Mystery Theatre,movie,,,,
m0377070,{},Hollywood Flies,movie,,,,
m2302755,{},Olympus Has Fallen,movie,,,,
m5068968,{},Anderson Bench,movie,,,,
m4878802,{},Crane,movie,,,,
m4651520,{},Bad Moms,movie,,,,
m2241116,{},White Rabbit,movie,,,,
m2477230,{},The Night Shift,movie,,,,
m0097441,{},Glory,movie,,,,
m0458357,{},Drip,movie,,,,
m4377560,{},Quarters,movie,,,,
m2283362,{},Jumanji,movie,,,,
m1605777,{},La femme du Vème,movie,,,,
m0828465,{},The Year Without a Santa Claus,movie,,,,
m0311869,{},Straight to One,movie,,,,
m0336678,{},Jungdok,movie,,,,
m6145774,{},It's Time,movie,,,,
m1001562,{},Witless Protection,movie,,,,
m2083423,{},American Guns,movie,,,,
m1967111,{},Jake and Amir,movie,,,,
m0462601,{},Walk the Talk,movie,,,,
m0348663,{},L.A. D.J.,movie,,,,
m0452660,{},One Last Thing...,movie,,,,
m0090418,{},Designing Women,movie,,,,
m0805663,{},Jericho,movie,,,,
m0430651,{},Survive Style 5+,movie,,,,
m2561572,{},Get Hard,movie,,,,
m3480556,{},A Good Man,movie,,,,
m3273644,{},Backyard Ashes,movie,,,,
m0488057,{},Snow Wonder,movie,,,,
m0118867,{},Close to Danger,movie,,,,
m3721954,{},Maudie,movie,,,,
m2167202,{},Getaway,movie,,,,
m2948566,{},Bleed,movie,,,,
m3371366,{},Transformers: The Last Knight,movie,,,,
m2381089,{},Amnesia,movie,,,,
m1925431,{},Fire with Fire,movie,,,,
m3586930,{},Kill Kane,movie,,,,
m2463512,{},Hateship Loveship,movie,,,,
m2560780,{},Stuff You Should Know,movie,,,,
m0805668,{},Traveler,movie,,,,
m0097373,{},For Queen & Country,movie,,,,
m3530726,{},The Astronaut Wives Club,movie,,,,
m0106246,{},Alive,movie,,,,
m2034139,{},The Last Exorcism Part II,movie,,,,
m4885986,{},Crooked Letter,movie,,,,
m0092400,{},Married with Children,movie,,,,
m0289992,{},The Life of David Gale,movie,,,,
m1059836,{},Transit,movie,,,,
m1263670,{},Crazy Heart,movie,,,,
m5438048,{},Bare Knuckle,movie,,,,
m0433442,{},The Return,movie,,,,
m0932661,{},Brother's War,movie,,,,
m1599348,{},Safe House,movie,,,,
m0109641,{},Doc's Full Service,movie,,,,
m1378167,{},NCIS: Los Angeles,movie,,,,
m0346328,{},Lucky Luke,movie,,,,
m1844624,{},American Horror Story,movie,,,,
m0210945,{},Remember the Titans,movie,,,,
m5021402,{},A Man's Legacy,movie,,,,
m0078607,{},The Dukes of Hazzard,movie,,,,
m2655456,{},The Sixth Gun,movie,,,,
m0090466,{},L.A. Law,movie,,,,
m1359553,{},The Chameleon,movie,,,,
m0772200,{},Save Me,movie,,,,
m1853694,{},Reconstruction,movie,,,,
m5831788,{},Lost in Time,movie,,,,
m0369994,{},Strangers with Candy,movie,,,,
m0490919,{},Exorcism: The Possession of Gail Bowers,movie,,,,
m2209418,{},Before Midnight,movie,,,,
m3194590,{},Dirty Weekend,movie,,,,
m1535550,{},The Ballad of G.I. Joe,movie,,,,
m0302758,{},Mari iyagi,movie,,,,
m1540128,{},Playing for Keeps,movie,,,,
m2933960,{},Abe Makes a Movie,movie,,,,
m5162108,{},The Interview,movie,,,,
m0848228,{},The Avengers,movie,,,,
m0097971,{},Night Game,movie,,,,
m2557490,{},A Million Ways to Die in the West,movie,,,,
m1986857,{},Hijacked,movie,,,,
m0815138,{},Take,movie,,,,
m0452594,{},The Break-Up,movie,,,,
m0320030,{},Hidden Hills,movie,,,,
m1282140,{},Easy A,movie,,,,
m2245283,{},Family Tools,movie,,,,
m1830617,{},Grimm,movie,,,,
m0804432,{},12 Miles of Bad Road,movie,,,,
m0076923,{},Wilma,movie,,,,
m3668264,{},The Motel Junkie,movie,,,,
m0072562,{},Saturday Night Live,movie,,,,
m3517870,{},Mine 9,movie,,,,
m1942951,{},Ricochet,movie,,,,
m0313443,{},Out of Time,movie,,,,
m1381418,{},You May Not Kiss the Bride,movie,,,,
m1266020,{},Parks and Recreation,movie,,,,
m0765010,{},Brothers,movie,,,,
m0805669,{},Ugly Betty,movie,,,,
m0235737,{},The Salton Sea,movie,,,,
m0124718,{},He Got Game,movie,,,,
m6116702,{},The Fallen,movie,,,,
m0110638,{},Nell,movie,,,,
m0105467,{},Stay the Night,movie,,,,
m5779824,{},Haven's Road,movie,,,,
m4472056,{},Beartrap,movie,,,,
m1300583,{},Grave Mistake,movie,,,,
m3161202,{},Knowing What You Don't,movie,,,,
m4834300,{},Terror Tales,movie,,,,
m0313043,{},CSI: Miami,movie,,,,
m0129871,{},Desperation,movie,,,,
m0092513,{},Adventures in Babysitting,movie,,,,
m1864325,{},Fear Itself,movie,,,,
m2032572,{},USS Indianapolis: Men of Courage,movie,,,,
m1129427,{},Miss Nobody,movie,,,,
m2403558,{},Catch Hell,movie,,,,
m1860357,{},Deepwater Horizon,movie,,,,
m3410834,{},Allegiant,movie,,,,
m2151891,{},Turkey Day,movie,,,,
m0175765,{},Impala,movie,,,,
m0092381,{},Jake and the Fatman,movie,,,,
m5439796,{},Logan Lucky,movie,,,,
m1480285,{},Abattoir,movie,,,,
m1931602,{},Very Good Girls,movie,,,,
m0095239,{},Good Old Boy: A Delta Boyhood,movie,,,,
m1440129,{},Battleship,movie,,,,
m2702724,{},The Boss,movie,,,,
m3784230,{},Evan's Crime,movie,,,,
m0454848,{},Inside Man,movie,,,,
m0830361,{},The Lost Room,movie,,,,
m0487037,{},Mammoth,movie,,,,
m1582458,{},Chase,movie,,,,
m0840272,{},The 9/11 Commission Report,movie,,,,
m4105546,{},Maribella,movie,,,,
m0213205,{},Rustin,movie,,,,
m0996934,{},Farm House,movie,,,,
m0091544,{},Monster in the Closet,movie,,,,
m3922816,{},The Daughter,movie,,,,
m1808720,{},Airplane Repo,movie,,,,
m0160434,{},Housebound,movie,,,,
m1640486,{},Inside Out,movie,,,,
m0844479,{},The Collector,movie,,,,
m3922818,{},The Space Between Us,movie,,,,
m3339354,{},A Year and Change,movie,,,,
m0486622,{},Making Change,movie,,,,
m0901693,{},The Staircase Murders,movie,,,,
m0104797,{},Malcolm X,movie,,,,
m1596345,{},Pawn Sacrifice,movie,,,,
m1977953,{},The Man Who Shook the Hand of Vicente Fernandez,movie,,,,
m1951266,{},The Hunger Games: Mockingjay - Part 2,movie,,,,
m1715342,{},Random Natural Occurrence,movie,,,,
m5966750,{},Single Rider,movie,,,,
m0167743,{},The Wild Thornberrys,movie,,,,
m0310234,{},Tis the Season,movie,,,,
m0255734,{},Grounded for Life,movie,,,,
m0814040,{},The Call,movie,,,,
m0460631,{},Close to Home,movie,,,,
m2600742,{},Ghost Shark,movie,,,,
m1090645,{},Chain Link,movie,,,,
m0109021,{},8 Seconds,movie,,,,
m0364888,{},Threat Matrix,movie,,,,
m2388715,{},Oculus,movie,,,,
m0120146,{},Sleeping with the Devil,movie,,,,
m0278422,{},Buttleman,movie,,,,
m0118290,{},Cracker,movie,,,,
m3449200,{},Shooting Clerks,movie,,,,
m0108876,{},New York Undercover,movie,,,,
m3517892,{},Cortez,movie,,,,
m2281375,{},Nashville,movie,,,,
m4133620,{},Too Many Crocketts,movie,,,,
m0110932,{},Quiz Show,movie,,,,
m6099280,{},Soul Mates,movie,,,,
m3725284,{},Sitter Cam,movie,,,,
m0130416,{},"Mike Hammer, Private Eye",movie,,,,
m1572315,{},Texas Chainsaw 3D,movie,,,,
m5199290,{},Porches and Private Eyes,movie,,,,
m2799012,{},Ravenswood,movie,,,,
m0233491,{},Cover Me: Based on the True Life of an FBI Family,movie,,,,
m3319920,{},Regression,movie,,,,
m3326846,{},Blue,movie,,,,
m4254242,{},The Magicians,movie,,,,
m0265496,{},Paranoid,movie,,,,
m0935095,{},In Plain Sight,movie,,,,
m3004696,{},Banshee Origins: The Real Lucas Hood,movie,,,,
m0490878,{},The Decoy,movie,,,,
m5031638,{},La Desgraciada Una Novela,movie,,,,
m3291464,{},Seven Minute Mysteries,movie,,,,
m3170832,{},Room,movie,,,,
m2733252,{},The Musketeers,movie,,,,
m4695800,{},Creatures of God,movie,,,,
m4709404,{},Memories,movie,,,,
m4777116,{},Deadline for Justice,movie,,,,
m2247476,{},When the Game Stands Tall,movie,,,,
m2285068,{},Those Who Wait,movie,,,,
m2517104,{},Rejects,movie,,,,
m3014078,{},Shangri-La Suite,movie,,,,
m3725402,{},Astray,movie,,,,
m0085547,{},The First Turn-On!!,movie,,,,
m4511566,{},Navy Seals vs. Zombies,movie,,,,
m0104031,{},Cruel Doubt,movie,,,,
m0284148,{},Geudeulmanui sesang,movie,,,,
m3778774,{},Unbound,movie,,,,
m5547214,{},Refuge,movie,,,,
m3269514,{},Punchlines! By Erik Beacham,movie,,,,
m0364817,{},Tru Calling,movie,,,,
m1458427,{},Creating Discourse,movie,,,,
m0830900,{},Saving Grace,movie,,,,
m1024733,{},$5 a Day,movie,,,,
m2121467,{},El encanto del águila,movie,,,,
m1946381,{},Red Sky,movie,,,,
m1930123,{},Web Therapy,movie,,,,
m2072268,{},Likvidator,movie,,,,
m3766354,{},The Equalizer 2,movie,,,,
m0409594,{},North Shore,movie,,,,
m0111733,{},Without Consent,movie,,,,
m0171804,{},Boys Don't Cry,movie,,,,
m1798274,{},The Lying Game,movie,,,,
m0439356,{},Creating America's Next Hit Television Show,movie,,,,
m0120878,{},The Velocity of Gary* *(Not His Real Name),movie,,,,
m2250763,{},Reel Rock Film Tour,movie,,,,
m0377818,{},The Dukes of Hazzard,movie,,,,
m0460902,{},Played,movie,,,,
m2093991,{},Elvis & Nixon,movie,,,,
m4163960,{},Showing Roots,movie,,,,
m4411618,{},In Dubious Battle,movie,,,,
m0321777,{},Crashbox,movie,,,,
m0419491,{},Believe in Me,movie,,,,
m1462058,{},Two Gates of Sleep,movie,,,,
m2290075,{},8,movie,,,,
m0420251,{},Saam gaang yi,movie,,,,
m0469263,{},The Astronaut Farmer,movie,,,,
m1099212,{},Twilight,movie,,,,
m1104733,{},Hamlet 2,movie,,,,
m4311010,{},Parks and Recreation in Europe,movie,,,,
m1658801,{},Freeheld,movie,,,,
m1876454,{},Leprechaun's Revenge,movie,,,,
m3564472,{},Girls Trip,movie,,,,
m2064707,{},South 16,movie,,,,
m5830896,{},White Trash Freaks,movie,,,,
m0166158,{},Daddy and Them,movie,,,,
m0087617,{},License to Kill,movie,,,,
m1458169,{},Kidnap,movie,,,,
m1524930,{},Vacation,movie,,,,
m0127385,{},Men in Black: The Series,movie,,,,
m4669730,{},The Shylock's Daughter,movie,,,,
m1358522,{},White Collar,movie,,,,
m0109607,{},The Desperate Trail,movie,,,,
m0418763,{},Jarhead,movie,,,,
m2974918,{},Alvin and the Chipmunks: The Road Chip,movie,,,,
m1850397,{},The Loft,movie,,,,
m0082138,{},Carbon Copy,movie,,,,
m3057572,{},Una Vida: A Fable of Music and the Mind,movie,,,,
m0458449,{},The Other Half,movie,,,,
m0118453,{},Rough Riders,movie,,,,
m3838948,{},Lightning in the Hand,movie,,,,
m3431436,{},Archangel: From the Winter's End Chronicles,movie,,,,
m0111304,{},The Substitute Wife,movie,,,,
m5581706,{},Crossed Lines,movie,,,,
m1792543,{},The Reunion,movie,,,,
m3390892,{},The Last Tycoon,movie,,,,
m2396653,{},Second Impression,movie,,,,
m1133991,{},What Doesn't Kill You,movie,,,,
m0276818,{},Beonjijeompeureul hada,movie,,,,
m0440961,{},Beautiful Dreamer,movie,,,,
m0861772,{},Ghost Image,movie,,,,
m1808304,{},Miami Magma,movie,,,,
m2497808,{},Ambushed,movie,,,,
m1235099,{},Lie to Me,movie,,,,
m0119654,{},Men in Black,movie,,,,
m0411475,{},Hell Ride,movie,,,,
m2647544,{},Sleepy Hollow,movie,,,,
m2189514,{},Homelicide,movie,,,,
m6004012,{},Burying Amber,movie,,,,
m0455499,{},Garfield: A Tail of Two Kitties,movie,,,,
m3268422,{},The Edge of the Woods,movie,,,,
m0446667,{},Che Guevara,movie,,,,
m2751140,{},Freshwater,movie,,,,
m3367686,{},A Perfect Vacation,movie,,,,
m1139666,{},La última y nos vamos,movie,,,,
m1496422,{},The Paperboy,movie,,,,
m1386604,{},Cool Dog,movie,,,,
m1602543,{},Know Chance,movie,,,,
m1139668,{},The Unborn,movie,,,,
m0275137,{},Justice League,movie,,,,
m1469304,{},Baywatch,movie,,,,
m5456772,{},Pie Shop,movie,,,,
m3480830,{},Gunslingers,movie,,,,
m1833888,{},Angels Sing,movie,,,,
m0098790,{},Evening Shade,movie,,,,
m1781840,{},Jayne Mansfield's Car,movie,,,,
m5189894,{},68 Kill,movie,,,,
m0101787,{},Dying Young,movie,,,,
m1718763,{},Desiree,movie,,,,
m1015987,{},30 Days to Die,movie,,,,
m0078999,{},Coriolanus,movie,,,,
m3383214,{},Fire City: End of Days,movie,,,,
m1464762,{},Mobster Movie,movie,,,,
m0115372,{},The Steve Harvey Show,movie,,,,
m4649466,{},Kingsman: The Golden Circle,movie,,,,
m3420056,{},The Gulf,movie,,,,
m0438488,{},Terminator Salvation,movie,,,,
m0756729,{},Year of the Dog,movie,,,,
m5817576,{},The Way Out Is Through,movie,,,,
m0097165,{},Dead Poets Society,movie,,,,
m0085110,{},Whiz Kids,movie,,,,
m3233418,{},Spare Parts,movie,,,,
m1272878,{},2 Guns,movie,,,,
m3435532,{},Gracepoint,movie,,,,
m6096308,{},Moon Shine Still,movie,,,,
m1754264,{},Never Back Down 2: The Beatdown,movie,,,,
m0106557,{},Children of the Corn II: The Final Sacrifice,movie,,,,
m3502544,{},Timms Valley,movie,,,,
m4219706,{},Full Moon Inc.,movie,,,,
m2148268,{},Lizzie Luvs Perry,movie,,,,
m3665498,{},False Memory Syndrome,movie,,,,
m1082098,{},Spring Break '83,movie,,,,
m1378794,{},That's Magic!,movie,,,,
m0424787,{},Alice's Misadventures in Wonderland,movie,,,,
m0369610,{},Jurassic World,movie,,,,
m2980696,{},Quarry,movie,,,,
m4250412,{},Story of Jesus,movie,,,,
m4574724,{},Things Actors Should Never Say or Do in Auditions Vol 2,movie,,,,
m0168786,{},Antwone Fisher,movie,,,,
m2275629,{},Cliffs of Freedom,movie,,,,
m0862824,{},Side Order of Life,movie,,,,
m0285804,{},Nuga naleul michige haneunga,movie,,,,
m1591479,{},Act of Valor,movie,,,,
m1599357,{},The Gates,movie,,,,
m1781062,{},Worst. Prom. Ever.,movie,,,,
m3746700,{},The Encounter,movie,,,,
m5890410,{},The Junkie King,movie,,,,
m0108486,{},Victim of Love: The Shannon Mohr Story,movie,,,,
m0922642,{},Tooth and Nail,movie,,,,
m5420886,{},Walking Out,movie,,,,
m1479962,{},Red Dead Redemption,movie,,,,
m1455656,{},How Can I Get You?,movie,,,,
m1219024,{},Castle,movie,,,,
m1757701,{},Cell Phone Psycho,movie,,,,
m0354615,{},Gunfighters of the West,movie,,,,
m1821694,{},RED 2,movie,,,,
m0368479,{},Cold Case,movie,,,,
m0083447,{},Matt Houston,movie,,,,
m0365852,{},Tooth,movie,,,,
m1629439,{},51,movie,,,,
m5935392,{},Bad Dad Rehab,movie,,,,
m0413550,{},CMT Top 20 Countdown,movie,,,,
m0161216,{},Steal This Movie,movie,,,,
m0309612,{},Free Wheelin',movie,,,,
m0103437,{},Hearts Afire,movie,,,,
m0381788,{},North Mission Road,movie,,,,
m4633690,{},Shot Caller,movie,,,,
m5847346,{},The Bounty Hunter and the Butcher,movie,,,,
m5442456,{},24 Hours to Live,movie,,,,
m0442681,{},Law & Order: Criminal Intent,movie,,,,
m4729790,{},Carter & June,movie,,,,
m1555024,{},Airiseu: Deo mubi,movie,,,,
m0102484,{},Murder in New Hampshire: The Pamela Wojas Smart Story,movie,,,,
m1847529,{},Ladygrey,movie,,,,
m1517081,{},Love Fever,movie,,,,
m0285898,{},The Phoenix,movie,,,,
m1757202,{},Ailiseu,movie,,,,
m3212232,{},I Am Wrath,movie,,,,
m0285331,{},24,movie,,,,
m0938706,{},The Last Lullaby,movie,,,,
m0285333,{},Alias,movie,,,,
m1851981,{},Justice for Natalee Holloway,movie,,,,
m2027136,{},Kristy,movie,,,,
m0445974,{},Glorious Mail,movie,,,,
m0882977,{},Snitch,movie,,,,
m1490785,{},I Saw the Light,movie,,,,
m2184339,{},The Purge,movie,,,,
m1754603,{},The Candy Shop,movie,,,,
m3631242,{},Jordan's Island,movie,,,,
m0105413,{},Sinatra,movie,,,,
m0091786,{},Power,movie,,,,
m0102789,{},Ricochet,movie,,,,
m5924120,{},Liberty Waning,movie,,,,
m0479201,{},Living Hell,movie,,,,
m2140379,{},Self/less,movie,,,,
m3945858,{},The Mark of Love,movie,,,,
m4820296,{},Nocturna,movie,,,,
m2015381,{},Guardians of the Galaxy,movie,,,,
m3036676,{},Beyond Justice,movie,,,,
m0179473,{},"South of Heaven, West of Hell",movie,,,,
m0331281,{},Lethal Justice,movie,,,,
m1039251,{},General Hospital: Night Shift,movie,,,,
m1543043,{},Romance at Frisky's Bar: An Unromantic Comedy,movie,,,,
m5239338,{},Portal: Origins - Part 2,movie,,,,
m3806962,{},Grape Soda,movie,,,,
m2543312,{},Halt and Catch Fire,movie,,,,
m0247082,{},CSI: Crime Scene Investigation,movie,,,,
m0119812,{},Nunzio's Second Cousin,movie,,,,
m5607782,{},The Covenant,movie,,,,
m0095384,{},It Takes Two,movie,,,,
m1436559,{},"Love, Wedding, Marriage",movie,,,,
m0410997,{},Jack & Bobby,movie,,,,
m4522400,{},Underground,movie,,,,
m3645618,{},One of Us,movie,,,,
m1103987,{},Leverage,movie,,,,
m1555373,{},Behind Blue Eyes,movie,,,,
m1670345,{},Now You See Me,movie,,,,
m0158552,{},Charmed,movie,,,,
m3851856,{},Popsy,movie,,,,
m0105256,{},Rich in Love,movie,,,,
m0398417,{},The Batman,movie,,,,
m0105151,{},The Player,movie,,,,
m5670948,{},Elsie Hooper,movie,,,,
m0110950,{},Reality Bites,movie,,,,
m2630668,{},The Devil's Wager,movie,,,,
m0433035,{},Real Steel,movie,,,,
m1370428,{},180º,movie,,,,
m1355683,{},Black Mass,movie,,,,
m3203606,{},Trumbo,movie,,,,
m4852332,{},Transmutation: Deep Water Horizon,movie,,,,
m2196022,{},SuperHot Apocalypse,movie,,,,
m1630052,{},Nipples & Palm Trees,movie,,,,
m2294449,{},22 Jump Street,movie,,,,
m0157246,{},Will & Grace,movie,,,,
m0114571,{},Stuart Saves His Family,movie,,,,
m0460622,{},Barbershop,movie,,,,
m1392214,{},Prisoners,movie,,,,
m0460627,{},Bones,movie,,,,
m1815708,{},Freelancers,movie,,,,
m1265621,{},Quantum Apocalypse,movie,,,,
m1869626,{},Poor Soul,movie,,,,
m3174376,{},Before I Wake,movie,,,,
m3388008,{},Hans Crippleton Talk to the Hans,movie,,,,
m1837709,{},Winter's Tale,movie,,,,
m0456912,{},Dalkomhan insaeng,movie,,,,
m2611482,{},Mr. Payback,movie,,,,
m5763738,{},South of Sanity,movie,,,,
m6059970,{},Murderous Affairs,movie,,,,
m0780521,{},The Princess and the Frog,movie,,,,
m1735862,{},Dragon Eyes,movie,,,,
m3525346,{},Bad Asses on the Bayou,movie,,,,
m0910926,{},Movin' In,movie,,,,
m1409008,{},Memphis Beat,movie,,,,
m0961722,{},Cabin Fever 2: Spring Fever,movie,,,,
m0401088,{},3: The Dale Earnhardt Story,movie,,,,
m3281502,{},There Is a New World Somewhere,movie,,,,
m0119823,{},Old Man,movie,,,,
m1741243,{},Pawn Shop Chronicles,movie,,,,
m1490017,{},The Lego Movie,movie,,,,
m4659174,{},Ice,movie,,,,
m1007018,{},The Open Road,movie,,,,
m0138993,{},ATF,movie,,,,
m0934814,{},Chuck,movie,,,,
m4103538,{},Tony's Place,movie,,,,
m1160368,{},12 Rounds,movie,,,,
m3756722,{},Outlaw Prophet: Warren Jeffs,movie,,,,
m4147110,{},The Palooka,movie,,,,
m0496343,{},The Riches,movie,,,,
m0221074,{},Christmas in the Clouds,movie,,,,
m2815966,{},After the Fall,movie,,,,
m2617002,{},Marshall County,movie,,,,
m3593148,{},Spiralmind,movie,,,,
m0110255,{},Kickboxer 4: The Aggressor,movie,,,,
m3539960,{},Blood Type,movie,,,,
m3032476,{},Better Call Saul,movie,,,,
m0094473,{},Paradise,movie,,,,
m0099134,{},Big Bad John,movie,,,,
m3505650,{},My Heart Dies with You: Hearts at War,movie,,,,
m0232992,{},Zombie Army,movie,,,,
m0065272,{},All My Children,movie,,,,
m4520914,{},Freedom Fighters,movie,,,,
m1278469,{},Temple Grandin,movie,,,,
m1595860,{},Scoundrels,movie,,,,
m0496319,{},The Hottest State,movie,,,,
m1753786,{},Mercury Plains,movie,,,,
m0433362,{},Daybreakers,movie,,,,
m0293614,{},Space Pirates,movie,,,,
m2103281,{},Dawn of the Planet of the Apes,movie,,,,
m1480684,{},The League,movie,,,,
m1466497,{},Somewhat Damaged,movie,,,,
m2724532,{},Gridlocked,movie,,,,
m0115111,{},The Big Easy,movie,,,,
m3796578,{},A Brief Encounter with a Gentleman,movie,,,,
m4360328,{},Office Party,movie,,,,
m3799536,{},The Music of Erich Zann,movie,,,,
m4520358,{},Newsroom One,movie,,,,
m3542810,{},Thrilla in Manila,movie,,,,
m3799088,{},The Livingston Gardener,movie,,,,
m0238305,{},Inside Out IV,movie,,,,
m0473348,{},Dead Men Walking,movie,,,,
m4685096,{},3-Headed Shark Attack,movie,,,,
m1798709,{},Her,movie,,,,
m0924137,{},High Falls,movie,,,,
m0100222,{},Naked Tango,movie,,,,
m5540168,{},Birthday Cake,movie,,,,
m1622696,{},Ben 10: Ultimate Alien,movie,,,,
m4287350,{},The Warning,movie,,,,
m1567254,{},The Good Guys,movie,,,,
m1133985,{},Green Lantern,movie,,,,
m5922360,{},Missed Trains,movie,,,,
m4903242,{},The Detour,movie,,,,
m1174732,{},An Education,movie,,,,
m0473043,{},Hell to Pay,movie,,,,
m0116439,{},Good Luck,movie,,,,
m0441796,{},Stay Alive,movie,,,,
m3592904,{},Cross 2,movie,,,,
m1132193,{},(Untitled),movie,,,,
m4474454,{},Immurement,movie,,,,
m1390535,{},The Final,movie,,,,
m5044656,{},The Shadow Effect,movie,,,,
m1937506,{},The Philly Kid,movie,,,,
m3677662,{},Adventures of a Badass Werewolf,movie,,,,
m0271020,{},The Jimmy Show,movie,,,,
m1798684,{},Southpaw,movie,,,,
m0110115,{},Imaginary Crimes,movie,,,,
m5537328,{},Monsters Anonymous,movie,,,,
m1800302,{},Gold,movie,,,,
m4172430,{},13 Hours,movie,,,,
m0208196,{},Happy Accidents,movie,,,,
m3704298,{},Vincent N Roxxy,movie,,,,
m1621415,{},A Fall from Grace,movie,,,,
m1034032,{},Gamer,movie,,,,
m0784962,{},7-10 Split,movie,,,,
m1979170,{},A Boy Named Sue,movie,,,,
m2095467,{},The Pacellis,movie,,,,
m0099750,{},Heart Condition,movie,,,,
m0893406,{},Loaded,movie,,,,
m1132124,{},Xavier: Renegade Angel,movie,,,,
m0088146,{},A Soldier's Story,movie,,,,
m5493660,{},The Walking Dead: Michonne,movie,,,,
m0069658,{},The Young and the Restless,movie,,,,
m3503406,{},The Whole Truth,movie,,,,
m1343094,{},I Ran Against Us,movie,,,,
m2149083,{},One in Eight,movie,,,,
m0397101,{},The Skeleton Key,movie,,,,
m1605717,{},Frank,movie,,,,
m1877647,{},Ghoul,movie,,,,
m1210042,{},Brooklyn's Finest,movie,,,,
m0209958,{},The Cell,movie,,,,
m0183808,{},Spanish Judges,movie,,,,
m0109707,{},Ed Wood,movie,,,,
m0275022,{},Crossroads,movie,,,,
m1468381,{},Undocumented,movie,,,,
m5533404,{},Shadow Minds,movie,,,,
m1763264,{},No One Lives,movie,,,,
m1510298,{},Under My Skin,movie,,,,
m0499464,{},Dracula's Curse,movie,,,,
m6267276,{},Chelsey Whild: Song for a Friend,movie,,,,
m1869716,{},The East,movie,,,,
m0362359,{},The O.C.,movie,,,,
m0103933,{},Center of the Web,movie,,,,
m0108316,{},Texas,movie,,,,
m1828981,{},The Black Keys: Howlin' for You,movie,,,,
m5707230,{},Midnight Shanghai,movie,,,,
m0452703,{},Walkout,movie,,,,
m0997152,{},The Experiment,movie,,,,
m0462655,{},Weding Deureseu,movie,,,,
m2366127,{},Dead in 5 Heartbeats,movie,,,,
m0997157,{},Hero,movie,,,,
m5583410,{},Million Dollar Quartet,movie,,,,
m1590961,{},Breakout Kings,movie,,,,
m1245526,{},RED,movie,,,,
m1386703,{},Total Recall,movie,,,,
m1583421,{},G.I. Joe: Retaliation,movie,,,,
m0415489,{},American Crude,movie,,,,
m1018818,{},Assassination of a High School President,movie,,,,
m3397754,{},"10,000 Saints",movie,,,,
m0468950,{},Usher Live,movie,,,,
m1092001,{},Faded Memories,movie,,,,
m0779255,{},Ace Derringer vs. the Shadow Men,movie,,,,
m1714764,{},Gaikôkan Kuroda Kôsaku,movie,,,,
m0149624,{},All the Pretty Horses,movie,,,,
m3729898,{},Hap and Leonard,movie,,,,
m2201251,{},The Hot Flashes,movie,,,,
m1347071,{},A Night at the Zoo,movie,,,,
m0491738,{},Psych,movie,,,,
m1235522,{},Broken City,movie,,,,
m1625074,{},D*I*Y,movie,,,,
m1606596,{},Attack Cardio,movie,,,,
m0804550,{},Walking Tall: The Payback,movie,,,,
m2515242,{},Anna Nicole,movie,,,,
m0369169,{},The Stones,movie,,,,
m1008010,{},The Narrows,movie,,,,
m3267066,{},Baqueground! By Erik Beacham,movie,,,,
m1821681,{},Touch,movie,,,,
m2252552,{},Gutshot Straight,movie,,,,
m0368008,{},The Manchurian Candidate,movie,,,,
m1125929,{},Love Ranch,movie,,,,
m1125928,{},Knife to a Gunfight,movie,,,,
m0424028,{},The Dead Will Tell,movie,,,,
m4060576,{},Lavalantula,movie,,,,
m3520702,{},Bloodline,movie,,,,
m2964360,{},Finding Normal,movie,,,,
m1245733,{},Sex and Lies in Sin City,movie,,,,
m2088907,{},Dark Around the Stars,movie,,,,
m0256415,{},Sweet Home Alabama,movie,,,,
m4449936,{},Aether: Prologue,movie,,,,
m0106168,{},"Walker, Texas Ranger",movie,,,,
m0097401,{},The Fulfillment of Mary Gray,movie,,,,
m0439879,{},Wildfire,movie,,,,
m1685674,{},To Kill an Irishman,movie,,,,
m0379780,{},Fake Stacy,movie,,,,
m2072979,{},God's Country,movie,,,,
m6151796,{},Arceneaux: Melpomene's Song,movie,,,,
m0081843,{},Code Red,movie,,,,
m0192671,{},That Championship Season,movie,,,,
m0113335,{},Hotel Paradise,movie,,,,
m0252019,{},Strong Medicine,movie,,,,
m3513704,{},The Messengers,movie,,,,
m0791321,{},Live Evil,movie,,,,
m2095886,{},Becky & Barry #theactorslife,movie,,,,
m0463536,{},Jake's Closet,movie,,,,
m3305096,{},Galavant,movie,,,,
m1830636,{},Hound Dogs,movie,,,,
m5276966,{},My Twin from Dimension 22,movie,,,,
m4498596,{},Honest Earth: The Office,movie,,,,
m0107798,{},The Pelican Brief,movie,,,,
m2274304,{},The Graveyard Feeder,movie,,,,
m0240732,{},The Moment After,movie,,,,
m0113293,{},Her Deadly Rival,movie,,,,
m4998626,{},Unfinished Business,movie,,,,
m4434342,{},The Art of Acting Out,movie,,,,
m0427309,{},The Great Debaters,movie,,,,
m2069708,{},Abel's Field,movie,,,,
m0426396,{},Alien Abduction,movie,,,,
m4139124,{},Keanu,movie,,,,
m5843976,{},Pain Killers,movie,,,,
m2967224,{},Hot Pursuit,movie,,,,
m1661382,{},Grudge Match,movie,,,,
m4052590,{},Brothers,movie,,,,
m1853728,{},Django Unchained,movie,,,,
m1266121,{},Wolvesbayne,movie,,,,
m3187804,{},High Cotton,movie,,,,
m1942876,{},Hide,movie,,,,
m1615919,{},Raising Hope,movie,,,,
m0427342,{},Heart of the Storm,movie,,,,
m0242399,{},Cursed Part 3,movie,,,,
m0780571,{},Mr. Brooks,movie,,,,
m0765429,{},American Gangster,movie,,,,
m1597033,{},Locked Down,movie,,,,
m1470023,{},MacGruber,movie,,,,
m2543328,{},TURN,movie,,,,
m3361352,{},Riderless Horse,movie,,,,
m5020678,{},Revealed,movie,,,,
m0261289,{},Serving Sara,movie,,,,
m2193191,{},Fractured,movie,,,,
m1023111,{},Never Back Down,movie,,,,
m2717704,{},The Bullsh*t Detective,movie,,,,
m4428122,{},Quantico,movie,,,,
m2620736,{},Jug Face,movie,,,,
m5246902,{},Brothers' Blood,movie,,,,
m1771188,{},Eden,movie,,,,
m0426480,{},Heartless,movie,,,,
m2993674,{},Christmas on the Bayou,movie,,,,
m0787470,{},Balls Out: Gary the Tennis Coach,movie,,,,
m3250026,{},Zoo,movie,,,,
m0849013,{},The John Kerwin Show,movie,,,,
m1245534,{},Snatched,movie,,,,
m1990314,{},Robot & Frank,movie,,,,
m0303311,{},"Britney, Baby, One More Time",movie,,,,
m4421578,{},Containment,movie,,,,
m5308322,{},Half to Death,movie,,,,
m4960534,{},Dark Friend,movie,,,,
m0292963,{},Before the Devil Knows You're Dead,movie,,,,
m2611626,{},Force of Execution,movie,,,,
m0079161,{},Flesh & Blood,movie,,,,
m2367139,{},Grill vs. Grill,movie,,,,
m0961177,{},The Blacksmith and the Carpenter,movie,,,,
m0396705,{},Lightning in a Bottle,movie,,,,
m2297906,{},Teenage Bank Heist,movie,,,,
m0397078,{},Just My Luck,movie,,,,
m2671706,{},Fences,movie,,,,
m0244953,{},After Diff'rent Strokes: When the Laughter Stopped,movie,,,,
m4392354,{},Extraordinary,movie,,,,
m3215364,{},Battle Creek,movie,,,,
m4104354,{},Caged No More,movie,,,,
m0768218,{},The Mysteries of Pittsburgh,movie,,,,
m1399103,{},Transformers: Dark of the Moon,movie,,,,
m2322441,{},Fifty Shades of Grey,movie,,,,
m5667516,{},Black Site Delta,movie,,,,
m3444084,{},Asphalt My Hometown,movie,,,,
m0098844,{},Law & Order,movie,,,,
m4699196,{},Veronica,movie,,,,
m1699147,{},Seven Days in Utopia,movie,,,,
m0915414,{},Unhitched,movie,,,,
m0318761,{},Thumbsucker,movie,,,,
m4278634,{},What's Behind Door X,movie,,,,
m1648204,{},Lemonade Mouth,movie,,,,
m4454078,{},Supercon,movie,,,,
m3040224,{},Smothered,movie,,,,
m0493464,{},Wanted,movie,,,,
m6193062,{},The Farmer & the Belle,movie,,,,
m1230547,{},"Linda, as in Beautiful",movie,,,,
m2296412,{},The Dark Room,movie,,,,
m3531260,{},Hot Air,movie,,,,
m3393786,{},Jack Reacher: Never Go Back,movie,,,,
m2848292,{},Pitch Perfect 2,movie,,,,
m1513064,{},Beatrice,movie,,,,
m2554630,{},Nick Nicholson: Grandpas Still,movie,,,,
m2900298,{},Horizontal Vertical,movie,,,,
m1821525,{},Love Thy Enemy,movie,,,,
m4229954,{},Outcast,movie,,,,
m1024744,{},I Come with the Rain,movie,,,,
m1385591,{},Magic Boys,movie,,,,
m3768572,{},Aquarius,movie,,,,
m1013743,{},Knight and Day,movie,,,,
m0278395,{},Clover Bend,movie,,,,
m2582782,{},Hell or High Water,movie,,,,
m3267090,{},Karma Calling,movie,,,,
m0250157,{},The Huntress,movie,,,,
m1291556,{},Preschool's a Bitch,movie,,,,
m2914110,{},500 Miles,movie,,,,
m1666185,{},All Eyez on Me,movie,,,,
m1274730,{},The War of Game,movie,,,,
m0150143,{},Claire Dolan,movie,,,,
m5130124,{},Zombie Love Musical Mash Up,movie,,,,
m1675313,{},Mighty Fine,movie,,,,
m1989475,{},Chained,movie,,,,
m6003368,{},Diary of a Wimpy Kid: The Long Haul,movie,,,,
m0479948,{},Living & Dying,movie,,,,
m0455275,{},Prison Break,movie,,,,
m0411077,{},The Number One Girl,movie,,,,
m3384392,{},Stay Calm Stan,movie,,,,
m0437714,{},Elvis,movie,,,,
m0120777,{},The Opposite of Sex,movie,,,,
m0923919,{},Star Power,movie,,,,
m0337593,{},Sherlock,movie,,,,
m4172154,{},Still the King,movie,,,,
m2203947,{},Kinect Star Wars: Duel,movie,,,,
m5521056,{},Boys on Film 7: Bad Romance,movie,,,,
m0279623,{},Above & Beyond,movie,,,,
m0160672,{},Joe the King,movie,,,,
m0800369,{},Thor,movie,,,,
m0177525,{},Baby Huey's Great Easter Adventure,movie,,,,
m2017109,{},Banshee,movie,,,,
m4481514,{},The House,movie,,,,
m0317135,{},Behind the Nine,movie,,,,
m2355495,{},Barefoot,movie,,,,
m4341912,{},The Night Shift: Book 1,movie,,,,
m0280257,{},Greg the Bunny,movie,,,,
m2414658,{},Synarchy,movie,,,,
m4666726,{},Christine,movie,,,,
m2836628,{},Johnny Frank Garrett's Last Word,movie,,,,
m2667926,{},Waltz for One,movie,,,,
m1655387,{},Altitude Falling,movie,,,,
m2087571,{},The New Normal,movie,,,,
m1438176,{},Fright Night,movie,,,,
m0386998,{},$5.15/Hr.,movie,,,,
m1997296,{},Bone'yeerd,movie,,,,
m2168761,{},Fatal Encounters,movie,,,,
m1965162,{},Boys of Abu Ghraib,movie,,,,
m4881806,{},Untitled Jurassic World Sequel,movie,,,,
m0364045,{},Taking Lives,movie,,,,
m5936866,{},Steel Country,movie,,,,
m6137056,{},Inadmissible,movie,,,,
m1611224,{},Abraham Lincoln: Vampire Hunter,movie,,,,
m0865557,{},Letting Go,movie,,,,
m5765296,{},Beaten,movie,,,,
m0473356,{},The Flock,movie,,,,
m1315876,{},Four Minutes 'til Noon,movie,,,,
m1399683,{},Winter's Bone,movie,,,,
m5901672,{},Wild Bill Hickok: Swift Justice,movie,,,,
m4837070,{},Diablos de Denver,movie,,,,
m2657262,{},Star-Crossed,movie,,,,
m5622514,{},Hunt,movie,,,,
m3687398,{},The Runner,movie,,,,
m1839683,{},Awake,movie,,,,
m4481414,{},Gifted,movie,,,,
m2175016,{},The Redemption of Henry Myers,movie,,,,
m0770703,{},What's Your Number?,movie,,,,
m0800381,{},World Premiere,movie,,,,
m0116584,{},Hungry for You,movie,,,,
m4521014,{},S E Q U E N C E,movie,,,,
m0117913,{},A Time to Kill,movie,,,,
m2078553,{},Blood Lodge,movie,,,,
m3505812,{},The Black Rider: Revelation Road,movie,,,,
m1064899,{},Queen of the South,movie,,,,
m2243261,{},Drink,movie,,,,
m0219588,{},Cheyenne,movie,,,,
m1872194,{},The Judge,movie,,,,
m0105306,{},Salt on Our Skin,movie,,,,
m1904996,{},Parker,movie,,,,
m4947608,{},One Mississippi,movie,,,,
m0058796,{},Days of Our Lives,movie,,,,
m0119177,{},Gattaca,movie,,,,
m1127221,{},Not Forgotten,movie,,,,
m6175486,{},Demons,movie,,,,
m1715873,{},10 Years,movie,,,,
m5478478,{},Hostiles,movie,,,,
m1824966,{},Exit Strategy,movie,,,,
m2071600,{},American Dream American Knightmare,movie,,,,
m2084950,{},Syndicate,movie,,,,
m1974226,{},Blood on My Name,movie,,,,
m0086765,{},"Murder, She Wrote",movie,,,,
m0389860,{},Click,movie,,,,
m0086760,{},Mike Hammer,movie,,,,
m0884294,{},American Heiress,movie,,,,
m0232957,{},Vice,movie,,,,
m0978839,{},Training Days,movie,,,,
m3619070,{},Tell Me Your Name,movie,,,,
m1276104,{},Looper,movie,,,,
m2109248,{},Transformers: Age of Extinction,movie,,,,
m0143808,{},Pocahontas II: Journey to a New World,movie,,,,
m0275140,{},Law & Order: Criminal Intent,movie,,,,
m0770814,{},Tennessee,movie,,,,
m0479289,{},The Go-Getter,movie,,,,
m5050332,{},The Living Worst,movie,,,,
m0787515,{},Strength and Honour,movie,,,,
m0499591,{},Vanished,movie,,,,
m0441736,{},Bacon Wagon,movie,,,,
m6080382,{},Rage of the Mummy,movie,,,,
m3717378,{},Hypnotized,movie,,,,
m5300840,{},"Heart, Baby",movie,,,,
m1593823,{},The Cape,movie,,,,
m1124037,{},Free State of Jones,movie,,,,
m3921180,{},Scream: The TV Series,movie,,,,
m2293218,{},Entity,movie,,,,
m0097142,{},Dad,movie,,,,
m0289879,{},The Butterfly Effect,movie,,,,
m3081268,{},Reaper,movie,,,,
m0119858,{},Paradise Falls,movie,,,,
m3734908,{},Is That a Real Gun?,movie,,,,
m6102060,{},Heart Full of Soul,movie,,,,
m1091191,{},Lone Survivor,movie,,,,
m0107152,{},Household Saints,movie,,,,
m0087967,{},R.S.V.P.,movie,,,,
m5052448,{},Get Out,movie,,,,
m3397884,{},Sicario,movie,,,,
m0378793,{},Speak,movie,,,,
m1972779,{},The Best of Me,movie,,,,
m0165643,{},Black and White,movie,,,,
m0361399,{},Blast,movie,,,,
m2825924,{},Revelation Road 2: The Sea of Glass and Fire,movie,,,,
m1675759,{},The Wait,movie,,,,
m0822854,{},Shooter,movie,,,,
m4167846,{},Isla,movie,,,,
m0386676,{},The Office,movie,,,,
m0106379,{},Being Human,movie,,,,
m0952691,{},Valle de lágrimas,movie,,,,
m1651065,{},Don't Go in the Woods,movie,,,,
m0200276,{},The West Wing,movie,,,,
m3205236,{},Satisfaction,movie,,,,
m0226935,{},Chelsea Walls,movie,,,,
m1327194,{},The Lucky One,movie,,,,
m3598496,{},Texas Rising,movie,,,,
m0985053,{},Jackrabbit Sky,movie,,,,
m0284023,{},D4G,movie,,,,
m1135509,{},Maquillaje,movie,,,,
m4136014,{},Stanistan,movie,,,,
m4060866,{},Code of Honor,movie,,,,
m0805570,{},The Midnight Meat Train,movie,,,,
m4513316,{},Novitiate,movie,,,,
m3854504,{},Denizen: Descent,movie,,,,
m0790741,{},The Riddle,movie,,,,
m0319969,{},Carnivàle,movie,,,,
m0469965,{},Road House 2: Last Call,movie,,,,
m0416243,{},Submerged,movie,,,,
m5787720,{},Dead Silent,movie,,,,
m0251160,{},John Q,movie,,,,
m3153268,{},Broken Balance,movie,,,,
m5253016,{},The Cost of Sin,movie,,,,
m0840406,{},"War Eagle, Arkansas",movie,,,,
m5362988,{},Wind River,movie,,,,
m1999268,{},The Birthday Present,movie,,,,
m1711525,{},Office Christmas Party,movie,,,,
m4050238,{},Cold West,movie,,,,
m3416536,{},Hot Summer Nights,movie,,,,
m1326186,{},Rockville CA,movie,,,,
m0412175,{},Medium,movie,,,,
m5633922,{},Invasion!,movie,,,,
m0364480,{},Lion's Den,movie,,,,
m1747924,{},My Future Boyfriend,movie,,,,
m1771072,{},Common Law,movie,,,,
m3322312,{},Daredevil,movie,,,,
m1925466,{},Mall,movie,,,,
m3843804,{},The Bag Lady,movie,,,,
m1191113,{},Fab Five: The Texas Cheerleader Scandal,movie,,,,
m2275946,{},Redirected,movie,,,,
m1691449,{},Blacktino,movie,,,,
m0235452,{},Nae maeumui punggeum,movie,,,,
m3139338,{},Bering Sea Beast,movie,,,,
m1210819,{},The Lone Ranger,movie,,,,
m2249007,{},Ray Donovan,movie,,,,
m5797258,{},Lyrics from a Bleeding Heart,movie,,,,
m1676701,{},Let's Stay Together,movie,,,,
m5347932,{},The Passion,movie,,,,
m1981128,{},Geostorm,movie,,,,
m0106028,{},Homicide: Life on the Street,movie,,,,
m1397280,{},Taken 2,movie,,,,
m1839482,{},Free Ride,movie,,,,
m3517044,{},The Free World,movie,,,,
m0443473,{},The Condemned,movie,,,,
m0168344,{},Legacy,movie,,,,
m0433309,{},Numb3rs,movie,,,,
m0106451,{},Body Shot,movie,,,,
m2209764,{},Transcendence,movie,,,,
m0901476,{},Bride Wars,movie,,,,
m1023347,{},Universal Soldiers,movie,,,,
m4778586,{},Hux,movie,,,,
m3097686,{},When Sharks Attack,movie,,,,
m1836944,{},The Baytown Outlaws,movie,,,,
m0490076,{},All the Boys Love Mandy Lane,movie,,,,
m1472584,{},Max Steel,movie,,,,
m5724316,{},Dishonored 2,movie,,,,
m1226752,{},The Dunwich Horror,movie,,,,
m1247657,{},Friendship!,movie,,,,
m3088628,{},Enemy of the Reich: The Noor Inayat Khan Story,movie,,,,
m0114371,{},Search and Destroy,movie,,,,
m2995872,{},'Tis the Season,movie,,,,
m1091996,{},The Donor Conspiracy,movie,,,,
m3550902,{},6 Ways to Die,movie,,,,
m2400313,{},Crimson Saints,movie,,,,
m3708886,{},War on Everyone,movie,,,,
m2138881,{},Parks and Recreation: Road Trip,movie,,,,
m0901487,{},Joheunnom nabbeunnom isanghannom,movie,,,,
m2573372,{},Becoming,movie,,,,
m2713180,{},Fury,movie,,,,
m2018111,{},And Then I Go,movie,,,,
m5212624,{},Chelsey Whild: Fire,movie,,,,
m1832979,{},Hart of Dixie,movie,,,,
m6000478,{},Inner City,movie,,,,
m0403087,{},Growing Pains: Return of the Seavers,movie,,,,
m5640558,{},Claws,movie,,,,
m0240402,{},The Center of the World,movie,,,,
m0443272,{},Lincoln,movie,,,,
m5667304,{},Hunting the Legend Part II,movie,,,,
m2081274,{},In Security,movie,,,,
m5679446,{},Sabaash Naidu,movie,,,,
m1604171,{},Prom,movie,,,,
m4846340,{},Hidden Figures,movie,,,,
m4477536,{},Fifty Shades Freed,movie,,,,
m3276924,{},Heist,movie,,,,
m5106568,{},Catch-Em Lane,movie,,,,
m3106384,{},Just Go 4 It,movie,,,,
m2402101,{},Dark Places,movie,,,,
m4940556,{},The End Begins: Phase II,movie,,,,
m1587694,{},Off the Map,movie,,,,
m0099936,{},A Killing in a Small Town,movie,,,,
m1190080,{},2012,movie,,,,
m0264464,{},Catch Me If You Can,movie,,,,
m2752758,{},Devil's Due,movie,,,,
m2479478,{},The Ridiculous 6,movie,,,,
m0159876,{},Great Performances,movie,,,,
m0421030,{},Big Love,movie,,,,
m2369317,{},Space Station 76,movie,,,,
m0976246,{},Staten Island,movie,,,,
m1025102,{},The Pardon,movie,,,,
m4262142,{},Cleveland Abduction,movie,,,,
m2113792,{},The Demented,movie,,,,
m0139809,{},The Thirteenth Floor,movie,,,,
m0493405,{},CHiPs,movie,,,,
m0481536,{},Harold & Kumar Escape from Guantanamo Bay,movie,,,,
m0455944,{},The Equalizer,movie,,,,
m1440161,{},A Little Bit of Heaven,movie,,,,
m1528718,{},Born to Raise Hell,movie,,,,
m0118300,{},Dawson's Creek,movie,,,,
m3473092,{},10 Seconds to Run,movie,,,,
m4926042,{},Night of the Wild,movie,,,,
m2024544,{},12 Years a Slave,movie,,,,
m6243274,{},County Line,movie,,,,
m3346224,{},Zipper,movie,,,,
m3476576,{},The Slap,movie,,,,
m3401338,{},Rivers 9,movie,,,,
m0452033,{},Liquid Country,movie,,,,
m0479912,{},"Five Minutes, Mr. Welles",movie,,,,
m2911668,{},Beyond the Reach,movie,,,,
m0460611,{},The Work and the Glory III: A House Divided,movie,,,,
m2369143,{},Night Shift,movie,,,,
m3579018,{},Emerald City,movie,,,,
m0126261,{},Desert Blue,movie,,,,
m5526878,{},Murder Chose Me,movie,,,,
m0454945,{},She's the Man,movie,,,,
m0464626,{},Won-deo-pool la-i-peu,movie,,,,
m0348914,{},Deadwood,movie,,,,
m0903747,{},Breaking Bad,movie,,,,
m4704918,{},Zombie Shark,movie,,,,
m3105350,{},Vychislitel,movie,,,,
m4317836,{},Love Is Black and White,movie,,,,
m2909966,{},Invasion of the Undead,movie,,,,
m1758772,{},Switched at Birth,movie,,,,
m4460424,{},Brothers James: Retribution,movie,,,,
m2224004,{},Sweetwater,movie,,,,
m4185100,{},Moustaches Make Food Taste Better,movie,,,,
m1981571,{},A Higher Justice,movie,,,,
m0244244,{},Swordfish,movie,,,,
m0364845,{},NCIS: Naval Criminal Investigative Service,movie,,,,
m3915566,{},Dancer and the Dame,movie,,,,
m1234548,{},The Men Who Stare at Goats,movie,,,,
m0120769,{},The Newton Boys,movie,,,,
m1648062,{},Dead West,movie,,,,
m1220217,{},The Legend of Hell's Gate: An American Conspiracy,movie,,,,
m1229238,{},Mission: Impossible - Ghost Protocol,movie,,,,
m0101120,{},Home Improvement,movie,,,,
m1137450,{},Death Wish,movie,,,,
m1509817,{},Money Power & Respect,movie,,,,
m0228435,{},The Investigator,movie,,,,
m0111701,{},White Fang 2: Myth of the White Wolf,movie,,,,
m0808399,{},"New York, I Love You",movie,,,,
m4914154,{},The Horse and the Castle,movie,,,,
m0299713,{},Crazy Like the Taz,movie,,,,
m4462324,{},The Multi-Hyphenate,movie,,,,
m5531470,{},Frequency,movie,,,,
m0469689,{},The Last Time,movie,,,,
m0446676,{},Deal,movie,,,,
m4276820,{},The Founder,movie,,,,
m3137648,{},Resurgence,movie,,,,
m1937315,{},Scent of the Missing,movie,,,,
m1046173,{},G.I. Joe: The Rise of Cobra,movie,,,,
m3905336,{},The Streaker,movie,,,,
m0379029,{},The Winning Season,movie,,,,
m2950418,{},Greater,movie,,,,
m2343437,{},Cutter,movie,,,,
m3970530,{},The Karma of Happiness,movie,,,,
m3516878,{},Secrets and Lies,movie,,,,
m1211956,{},Escape Plan,movie,,,,
m1954811,{},See Girl Run,movie,,,,
m0114857,{},Virtuosity,movie,,,,
m2199571,{},Run All Night,movie,,,,
m1095217,{},The Bad Lieutenant: Port of Call - New Orleans,movie,,,,
m0903657,{},Love & Mercy,movie,,,,
m1299368,{},Southland,movie,,,,
m0111996,{},Happily Ever After: Fairy Tales for Every Child,movie,,,,
m0123242,{},Road-Kill U.S.A.,movie,,,,
m3231564,{},Manhattan,movie,,,,
m3303652,{},A Sort of Homecoming,movie,,,,
m1662295,{},Brawler,movie,,,,
m5540992,{},Shock and Awe,movie,,,,
m5313896,{},The Princess and the Frog,movie,,,,
m1291150,{},Teenage Mutant Ninja Turtles,movie,,,,
m2901750,{},Rain Dog,movie,,,,
m0262396,{},Empire,movie,,,,
m0111175,{},Shrunken Heads,movie,,,,
m0145681,{},The Bone Collector,movie,,,,
m2239822,{},Valerian and the City of a Thousand Planets,movie,,,,
m0101882,{},Fires Within,movie,,,,
m2657258,{},Killer Women,movie,,,,
m2398231,{},The Homesman,movie,,,,
m6098856,{},Fight Your Way Out,movie,,,,
m5924426,{},Kuru,movie,,,,
m3315386,{},Roots,movie,,,,
m0112821,{},Deadline for Murder: From the Files of Edna Buchanan,movie,,,,
m2034009,{},Haunted High,movie,,,,
m0382677,{},Eunjangdo,movie,,,,
m1777595,{},50 to 1,movie,,,,
m0120834,{},Snow Falling on Cedars,movie,,,,
m5515410,{},Making History,movie,,,,
m5179598,{},Billionaire Boys Club,movie,,,,
m0088513,{},The Equalizer,movie,,,,
m0119099,{},Fallen,movie,,,,
m0398261,{},Perfect Sense,movie,,,,
m2634414,{},Ragin Cajun Redneck Gators,movie,,,,
m3088306,{},Portrait,movie,,,,
m1633289,{},30 Is the New 12,movie,,,,
m2350892,{},Bad Country,movie,,,,
m0453467,{},Deja Vu,movie,,,,
m3409734,{},The Think Tank,movie,,,,
m0211938,{},Bait,movie,,,,
m1280822,{},Drop Dead Diva,movie,,,,
m3121200,{},Breakdown Lane,movie,,,,
m5227466,{},Beautiful My Lady,movie,,,,
m0783328,{},Comanche Moon,movie,,,,
m3266574,{},Alguien Más,movie,,,,
m2387385,{},45RPM,movie,,,,
m0111903,{},Buffalo Girls,movie,,,,
m1389139,{},When the Bough Breaks,movie,,,,
m2883434,{},Black or White,movie,,,,
m4869138,{},The Grandfather,movie,,,,
m2334194,{},Ralph Inc.,movie,,,,
m2356777,{},True Detective,movie,,,,
m1325743,{},Five Star Day,movie,,,,
m0329028,{},Dumb and Dumberer: When Harry Met Lloyd,movie,,,,
m3647498,{},Blood Father,movie,,,,
m1493842,{},Beauty & the Briefcase,movie,,,,
m2723790,{},When the Storm God Rides,movie,,,,
m0219374,{},Unconditional Love,movie,,,,
m1484108,{},Pocket Queens,movie,,,,
m2497980,{},The Lookalike,movie,,,,
m2422292,{},Mr. Snuggles,movie,,,,
m0450405,{},Cirque du Freak: The Vampire's Assistant,movie,,,,
m0111880,{},American Gothic,movie,,,,
m0324685,{},Areumdawoon naldeul,movie,,,,
m1937168,{},The Tin Star,movie,,,,
m1403865,{},True Grit,movie,,,,
m1302019,{},Not Another Not Another Movie,movie,,,,
m2059171,{},13 Sins,movie,,,,
m2891174,{},99 Homes,movie,,,,
m0860528,{},Salvation,movie,,,,
m3638288,{},Here the Vulture Waits,movie,,,,
m1856057,{},Phantom Boy,movie,,,,
m2714410,{},The Historian,movie,,,,
m3726704,{},Experimenter,movie,,,,
m1704586,{},From the Rough,movie,,,,
m1416801,{},Kill the Irishman,movie,,,,
m0431504,{},All In,movie,,,,
m1684927,{},Swamp Shark,movie,,,,
m0378907,{},The Treaty,movie,,,,
m3201736,{},Run the Race,movie,,,,
m0096639,{},Lonesome Dove,movie,,,,
m2740710,{},Atlantic Rim,movie,,,,
m0416986,{},Mistaken,movie,,,,
m0103247,{},White Fang,movie,,,,
m0097880,{},The Mighty Quinn,movie,,,,
m1588170,{},Ang-ma-reul bo-at-da,movie,,,,
m0822847,{},Priest,movie,,,,
m3488298,{},American Crime,movie,,,,
m2417096,{},Inversion,movie,,,,
m2582324,{},Nick Nicholson: Grandpas Still,movie,,,,
m4146774,{},Scooby-Doo and the Doggie Style Adventures,movie,,,,
m4146776,{},Day One,movie,,,,
m5143890,{},Justice,movie,,,,
m4566884,{},L.A. Series,movie,,,,
m0452636,{},Jolly Roger: Massacre at Cutter's Cove,movie,,,,
m1637727,{},The Killing,movie,,,,
m0118484,{},Sunset Beach,movie,,,,
m2334873,{},Blue Jasmine,movie,,,,
m0445114,{},Extras,movie,,,,
m2510268,{},Blood of Redemption,movie,,,,
m1675441,{},Where I Begin,movie,,,,
m0385726,{},Glory Road,movie,,,,
m0103626,{},Afterburn,movie,,,,
m0995868,{},Pelé: Birth of a Legend,movie,,,,
m5591666,{},The Domestics,movie,,,,
m5073802,{},The Space Between,movie,,,,
m1676147,{},Nabbey Family Beach Vacation,movie,,,,
m3560084,{},NCIS: New Orleans,movie,,,,
m4177822,{},Decommissioned,movie,,,,
m2467046,{},Left Behind,movie,,,,
m3054798,{},Hyeomnyeo: Kar-ui gi-eok,movie,,,,
m4416518,{},Shark Lake,movie,,,,
m5743496,{},Happens All the Time,movie,,,,
m1688225,{},In-peul-loo-eon-seu,movie,,,,
m1216499,{},The Phone Book,movie,,,,
m4424292,{},Crazy Lake,movie,,,,
m0457308,{},Come Early Morning,movie,,,,
m5040202,{},Last Seen in Idaho,movie,,,,
m1326215,{},The Downwinders,movie,,,,
m0416080,{},Nuguna bimileun itda,movie,,,,
m0758737,{},Brothers & Sisters,movie,,,,
m3741010,{},The Night Shift,movie,,,,
m2847146,{},Status Kill,movie,,,,
m1564000,{},A Weapon Most Unusual!,movie,,,,
m0275719,{},Tape,movie,,,,
m1307002,{},Redemption: A Mile from Hell,movie,,,,
m0453517,{},The Mini,movie,,,,
m0475784,{},Westworld,movie,,,,
m2697518,{},Hell No,movie,,,,
m3701714,{},Broken Vows,movie,,,,
m2565132,{},Pop Rocket,movie,,,,
m1865573,{},Bad Kids Go to Hell,movie,,,,
m0260598,{},Arrest & Trial,movie,,,,
m1918941,{},Masterpiece,movie,,,,
m3631272,{},Talking Points,movie,,,,
m3183972,{},Monty Clift,movie,,,,
m1078885,{},Deep in the Valley,movie,,,,
m0790636,{},Dallas Buyers Club,movie,,,,
m3685586,{},The Midnight Man,movie,,,,
m1594917,{},Age of the Dragons,movie,,,,
m1206881,{},The Bleeding,movie,,,,
m4007216,{},Call Me Cappy,movie,,,,
m6053438,{},First Reformed,movie,,,,
m4046784,{},Maze Runner: The Scorch Trials,movie,,,,
m0272274,{},The Red Sneakers,movie,,,,
m1714204,{},Perception,movie,,,,
m0251412,{},Stageghost,movie,,,,
m1323807,{},Trade In,movie,,,,
m1714208,{},The Woman,movie,,,,
m5735464,{},Master,movie,,,,
m1836953,{},The Eve,movie,,,,
m5157272,{},Bouldergeist,movie,,,,
m3530146,{},Coffee Shop,movie,,,,
m0758745,{},Friday Night Lights,movie,,,,
m0102443,{},A Midnight Clear,movie,,,,
m5921886,{},TV Pilot the MIX,movie,,,,
m2381941,{},Focus,movie,,,,
m0112740,{},Crimson Tide,movie,,,,
m1244663,{},Captive,movie,,,,
m0421729,{},Big Momma's House 2,movie,,,,
m3779028,{},Nae-bu-ja-deul,movie,,,,
m0339526,{},Shooting Gallery,movie,,,,
m0240156,{},Unshackled,movie,,,,
m0285698,{},Maniacts,movie,,,,
m1674784,{},Trespass,movie,,,,
m0460792,{},Fast Food Nation,movie,,,,
m3865236,{},Into the Badlands,movie,,,,
m0333766,{},Garden State,movie,,,,
m0184791,{},O,movie,,,,
m3139980,{},The Participant,movie,,,,
m1142800,{},Madea Goes to Jail,movie,,,,
m3642628,{},Cowboy Drifter,movie,,,,
m0486766,{},The Ropes,movie,,,,
m1319743,{},Smokin' Aces 2: Assassins' Ball,movie,,,,
m0896798,{},Cleaner,movie,,,,
m2323599,{},Mike Epps: Funny Bidness,movie,,,,
m1426329,{},Lovelace,movie,,,,
m0460091,{},My Name Is Earl,movie,,,,
m3313126,{},Looks Like Christmas,movie,,,,
m3628648,{},Assassin's Fury,movie,,,,
m1111422,{},The Taking of Pelham 1 2 3,movie,,,,
m0286486,{},The Shield,movie,,,,
m0960835,{},Transmorphers,movie,,,,
m0286017,{},Run Away,movie,,,,
m0306274,{},"What's New, Scooby-Doo?",movie,,,,
m3379814,{},June,movie,,,,
m1737650,{},Outlaw Country,movie,,,,
m2085744,{},American Falls,movie,,,,
m2879544,{},Stuck,movie,,,,
m0768838,{},Stringers,movie,,,,
m2106616,{},Dead South,movie,,,,
m2011276,{},Banshee Chapter,movie,,,,
m1082577,{},Deadly Impact,movie,,,,
m0404213,{},Lullaby,movie,,,,
m1328910,{},Chrome Angels,movie,,,,
m2473602,{},Get on Up,movie,,,,
m2372888,{},A Feeling from Within,movie,,,,
m1733125,{},Dungeons & Dragons: The Book of Vile Darkness,movie,,,,
m1399045,{},MacGyver,movie,,,,
m2404195,{},Clint Knockey: The Investigation,movie,,,,
m0493439,{},On the Doll,movie,,,,
m3410350,{},Complications,movie,,,,
m0827718,{},Law & Order: Sport Utility Vehicle,movie,,,,
m0094764,{},The Blood of Heroes,movie,,,,
m1577055,{},Maskerade,movie,,,,
m1294212,{},Shit Year,movie,,,,
m2330973,{},Manhattan Undying,movie,,,,
m3606968,{},Back to the Basics,movie,,,,
m2340554,{},Bayou Tales,movie,,,,
m0228333,{},Ghosts of Mars,movie,,,,
m1398429,{},iCrime,movie,,,,
m2196104,{},Last Girl,movie,,,,
m2387559,{},Delivery Man,movie,,,,
m0787407,{},Fashion House,movie,,,,
m3781616,{},Checkmate,movie,,,,
m4420110,{},Invisible Sister,movie,,,,
m4526564,{},Hold for Release,movie,,,,
m4160208,{},Impact Earth,movie,,,,
m0139654,{},Training Day,movie,,,,
m0218899,{},Confessions of a Call Girl,movie,,,,
m4769758,{},The Lake,movie,,,,
